-2.2888,-0.0006424,-0.0010707,0.0018558,0.00085654,0.0098502,-0.0044254,0.0052106,0.0031406,0.0019272,-0.0013562,0.0023555,-0.00042827,-0.00028551,0.0034262,-0.002641,-0.0040686,-0.005282,0.0022841,-0.0048537,-0.00028551,0.0021413,-0.0040686,0.013562,0.0047823,0.0030693,-0.0021413,0.0018558,0.0034975,0.0034975,-0.0036403,-0.0015703,0.00028551,0.0033548,-0.0022841,-0.0029979,0.0013562,-0.0012134,0.0042113,-0.003783,0.0027837,0.0014989,0.0032834,0.0035689,0.0059244,0.0012848,0.0055675,0.0036403,-0.00057103,0.0018558,-0.0028551,0.0066382,-0.0037117,-0.0027124,-0.00021413,0.0024982,-0.009065,0.011492,-0.0028551,-0.0017845,-0.0013562,0.0024982,0.0044968,-0.0025696,0.0021413,0.00014276,0.0034262,0.0023555,0.002641,-0.003783,0.01035,0.0040686,-0.0025696,-0.003212,-0.0017131,0.00099929,0.00085654,-0.0063527,-0.0098502
-2.2278,-0.0016417,-0.0019986,-0.00049965,0.0076375,0.00099929,0.0033548,-0.0043541,-0.0010707,0.0074947,0.0024269,-0.0023555,-0.0042113,-0.0025696,0.0067809,0.00021413,-0.00021413,0.004711,-0.0018558,-0.0014989,0.00099929,-0.0057816,-0.0032834,-0.0066382,-0.0069951,0,-0.0038544,-0.0018558,-0.0047823,0.0047823,-0.0066382,0.0057816,0.0022127,0.00057103,0.0012848,0.0010707,0.0011421,-0.00092792,0.0039972,-0.0041399,0.0044254,-0.0014276,0.0006424,-0.010635,0.0014989,-0.0010707,-0.003783,0.0013562,-0.0019986,-0.0051392,0.0012848,0.0062813,-0.0017845,0.0038544,-0.0082799,0.0017845,0.0057816,-0.0010707,0.0029265,0.0024269,0.0037117,-0.012777,-0.00049965,-0.0027837,0.0022127,-0.00014276,0.0028551,-0.0037117,0.00092792,-0.0030693,-0.004711,0.0055675,7.1378e-05,-0.0015703,-0.0024982,0.0011421,0.0047823,-0.0011421,0.00092792
-2.1667,-0.0012848,-0.0034975,0.0006424,0.0030693,0.0022841,0.0023555,-0.00028551,-0.0038544,-0.00099929,-0.0049965,-0.0012848,-0.00042827,-0.0060671,-0.0062099,0.00057103,-0.0035689,-0.00028551,-0.0029979,0.0022841,0.0060671,0.0025696,-0.00085654,-0.0077802,0.0024269,-0.0015703,-0.003212,0.003212,0.00085654,-0.0024982,-0.0037117,-0.0038544,0.0064954,0.0022841,-0.0024982,-0.003212,0.0024269,-0.0048537,-0.00035689,-0.0035689,-0.0022127,0.0054961,-0.0022127,-0.0059244,-0.00042827,0.00028551,-0.0084226,0.0012848,-0.00057103,0.00028551,0.0017131,0.010635,0.00035689,-0.0025696,-0.0031406,-0.0098502,0.0094933,0.0040686,-0.0010707,0.002641,-0.0051392,0.005853,-0.00085654,-0.0017845,-0.0070664,0.0037117,0.004711,0.0062099,0.0039972,-0.0015703,-0.0065668,0.0042827,0.0029265,-0.0013562,-0.00078516,0.0074947,-0.00071378,-0.0037117,0.0019986
-2.1056,-0.00092792,-0.0012134,-0.0071378,-0.0066382,-0.00071378,0.00078516,-0.0050679,0.0039972,-0.0021413,0.0017845,0.0022841,0.0027837,-0.0012848,-0.00057103,0.0024982,-0.0019272,-0.0012134,0.0076375,0.00014276,0.0045682,-0.00078516,-0.0015703,0.0022127,0.00035689,0.00035689,-0.0074233,-0.0012848,0.0018558,0.0043541,0.0039972,0.0015703,-0.00078516,0.0029265,0.0023555,0.0092792,0.00021413,0.0017131,-0.0039258,0.0014989,0.0006424,0.0024982,0.0045682,-0.0021413,-0.0034262,-0.00057103,0.0054247,0.0046396,-0.0015703,0.00085654,-0.00049965,7.1378e-05,0.0035689,-0.0014989,-0.0045682,0.0097788,-0.0037117,0.010635,0.0036403,-0.0014276,0,-0.013562,0.0042827,0.0017131,0.0021413,-0.0038544,0.00042827,0.0049251,0.0072806,0.0016417,-0.0012848,-0.0043541,0.006424,0.004711,-0.0054247,0.0014276,0.0011421,0.0024269,-0.00035689
-2.0445,-0.0042827,-0.0015703,0.00028551,-0.0017845,-0.0041399,-0.0025696,0.0024269,-7.1378e-05,0.0014276,0.0014276,0.0057816,-0.005282,-0.0065668,-0.0012848,0.0027837,0.0040686,0.00028551,-0.0057103,-0.0040686,0.0029979,-0.0027124,-0.00207,-0.0022127,-0.0010707,-0.003212,0.00092792,-0.00021413,-0.0049251,0.00078516,-0.00014276,-0.0011421,-0.0027124,-0.0017845,-0.0006424,0.00028551,-0.0012848,-0.0044968,0.0014989,0.0027837,0.0040686,0.002641,0.00049965,-0.0019986,0.00042827,-0.00078516,0.0016417,0.00207,0.00078516,-0.0006424,0.003212,-0.0019272,-0.0016417,0.0034262,-0.0021413,0.007923,0.00078516,-0.0061385,0.0099929,0.0055675,0.0025696,-0.00092792,0.005282,-0.0027124,0.0049965,0.00057103,0.0060671,0.0054247,-0.00057103,0.00021413,-0.0059244,0.0054247,-0.0054247,0.0065668,0.00092792,0.0024269,-0.00071378,0.0022841,-0.0011421
-1.9835,0.00207,0.0025696,-0.0039972,0.00078516,-0.0018558,-0.0012848,0.003783,-0.0065668,0.0029979,-0.00207,0.0040686,-0.0024982,-0.0043541,7.1378e-05,0.0025696,-0.0025696,0.00085654,0.00071378,-0.0034975,-0.0027124,-0.0034262,0.007923,0.0011421,0.0051392,0.0006424,0.0028551,-0.0019986,0.0065668,-0.0013562,0.0030693,0.0011421,0.0035689,0.0083512,-0.0029265,0.0035689,-0.0022841,-0.004711,0.0024269,-0.0056389,0.0044968,0.0015703,0.0044254,-0.0025696,-0.0039972,0.0013562,-0.0053534,-0.0024269,-0.0035689,0.0038544,-0.0053534,-0.0082799,0.00042827,-0.0023555,-0.0028551,0.0011421,-0.0010707,0.016417,-0.01813,-0.010493,0.0030693,-0.0017845,0.0029265,0.0013562,-0.00042827,-0.0022841,-0.0028551,-0.0011421,-0.0072092,-7.1378e-05,-0.0017131,-0.0015703,-0.0056389,-0.0049965,0.00035689,-0.002641,-0.0038544,0.0006424,0.00071378
-1.9224,0.0032834,0.0019272,0.011135,-0.00078516,-0.00035689,-0.0022127,-0.00021413,7.1378e-05,-0.00092792,0.00014276,-0.0019272,-0.0072806,-0.0022127,-0.0027124,-0.0051392,7.1378e-05,0.0045682,-0.0018558,-0.0018558,0.00207,0.0034975,-0.0012134,0.0022127,0.0012134,0.0010707,0.00099929,-0.00085654,-0.0059958,-0.0014276,0.0068523,-0.0025696,-0.00014276,0.0035689,-0.0022841,-0.0013562,0.0006424,0.0057103,-0.0041399,-0.0011421,0.0043541,-0.0015703,0.0072092,-0.0018558,0.00078516,-0.0032834,0.0045682,0.00042827,0.0055675,0.0022127,0.0042827,-0.0017131,0.0042827,0.0010707,0.0039258,-0.0034262,0.0082085,-0.00035689,-0.0040686,0.0075661,0.0049251,0.0021413,-0.0021413,-0.0017845,0.0010707,-0.0029979,-0.0017131,0.0051392,-0.0054247,0.00042827,-0.0037117,0.0044968,-0.0019986,0.0054247,-7.1378e-05,-0.0042827,-0.00085654,0.0071378,0.0019986
-1.8613,0.00049965,0.0069237,0.002641,0.00078516,-7.1378e-05,0.0028551,0.0035689,-0.0037117,-0.0019272,0.0031406,-0.0018558,-0.0031406,0.0017131,0.0051392,-0.00042827,0.008494,-0.00021413,0.0015703,-0.0012134,-0.0029265,0.00207,-0.0018558,-0.0050679,-0.0013562,0.0032834,0.0022127,0.0015703,0.0022841,0.0049965,-0.002641,0.0042113,0.0040686,-0.0016417,0.0042827,0.0065668,0.0012848,-0.003212,0.00078516,-0.0024982,-0.00085654,-0.0034975,0.00035689,0.0052106,0.0016417,0.0014276,-0.0043541,0.0045682,-0.0038544,-0.0052106,-0.0014276,0.0048537,0.00049965,-0.00021413,0.0024269,-0.0041399,-0.002641,-0.0014276,0.0029979,0.0097788,-7.1378e-05,-0.00099929,0.00014276,-0.0044968,0.0038544,0.0024982,0.0078516,0.0029265,0.00207,0.0067809,0.00071378,0.0013562,0.0032834,0.005853,0.0006424,-0.0055675,0.0011421,0.00057103,0.0054961
-1.8003,-0.00099929,0.0032834,0.003783,0.0042113,0.0010707,-0.006424,-0.00049965,-0.00042827,-0.00057103,0.0074233,-0.0039258,0.0014989,0.0024269,-0.0025696,0.0060671,0,0.0094933,0.0031406,0.0028551,0.0086368,0.0032834,0.0019272,-0.0015703,0.0024269,0.0034975,-0.0054961,-0.0012848,-0.0042113,0.0062099,-0.0013562,7.1378e-05,0.0037117,-0.00028551,0.0028551,0.005853,0.0013562,0.0022127,-0.00092792,-0.0061385,-0.0044968,-0.0062813,0.00014276,-0.0012134,-0.00078516,-0.00035689,0.0092792,0.0022841,-0.0043541,-0.0067809,0.0056389,-0.00092792,0.0015703,-0.0018558,-0.0018558,-0.0037117,-0.0063527,-0.00042827,0.0046396,0.0040686,-0.0035689,0.00092792,0.0038544,0.0016417,0.0083512,-0.0049251,-0.0022127,0.00099929,0.0051392,0.0015703,-0.00092792,-0.0017845,0.0019986,0.0038544,0.0025696,0.00092792,0.0013562,0.0060671,0.00049965
-1.7392,-0.004711,-0.0041399,0.0031406,-0.0018558,0.0039258,-0.0038544,-0.0033548,0.0017845,-0.00028551,-0.0041399,-0.00042827,-0.0010707,0.0063527,-0.00049965,0.0066382,0.0022841,0.0039258,-0.0059244,0.0019986,-0.0030693,-0.00092792,-0.00028551,-0.0072092,0.00092792,0.00092792,0.0065668,-0.0031406,-0.0021413,-0.0006424,-0.0053534,-0.0022127,-0.00028551,-0.0015703,0.0060671,0.0029979,0.0029979,-0.0010707,0.0023555,0.002641,0,-0.0027124,0.00028551,0.0069951,-0.0022841,0.0027124,-0.0031406,0.00207,0.0014276,0.0018558,0.0094933,-0.0050679,-0.003783,-0.00021413,0.0027837,0.0082799,0.015132,-0.0064954,-0.00092792,-0.0083512,0.00042827,-0.0055675,-0.003212,0.0019986,-0.0066382,0.0030693,0.00014276,-0.0010707,0.0012848,-0.00085654,-0.00207,-0.00042827,-0.0041399,-0.0022127,-0.0077802,-0.0069951,-0.0015703,-0.0012134,-0.0069951
-1.6781,0.0014989,-0.00085654,0.0022841,-0.004711,0.0036403,-0.0044254,-0.0024982,-0.0024269,-0.0053534,-0.00071378,0.0018558,-0.0014276,-0.0010707,-0.0037117,-0.0014989,0.0010707,-0.0034975,0.00071378,0.00014276,-0.003212,0.0013562,-0.00049965,-0.015489,0.0023555,0.0044254,0.0024982,0.0036403,-0.0022841,0.0054247,0.0032834,0.0006424,-0.0016417,-7.1378e-05,0.0006424,0.0024269,0.003212,-0.0014989,0.0041399,0.0016417,-0.016417,-0.0027837,0.0023555,0.0015703,0.0039258,-0.0044254,0.0027837,0.0032834,-0.0019272,0.0019272,0.002641,0.0013562,-0.0034262,0.0027837,0.0062813,0.0070664,0.010849,-0.0054961,-0.0084226,0.0066382,0.0044968,-0.0056389,7.1378e-05,0.0016417,-0.0022127,0.0018558,-0.0039258,0.0014276,-0.00057103,0.0043541,-0.0034975,0.0072092,-0.0024982,-0.00035689,0.0032834,0.0010707,-0.0074947,0.004711,0.00049965
-1.617,0.00057103,0.0014989,-0.0025696,0.0035689,0.0029265,0.0052106,0.0022841,-0.004711,0.0018558,-0.00207,0.0049251,-0.0017131,0.0037117,-0.0024269,-0.00207,-0.0022841,0.0027124,0.005282,0.0017845,0.00035689,-0.0011421,0.0057816,0.02591,0.0039258,0.0088509,-0.0046396,-0.0037117,-0.0063527,-0.00028551,-0.0045682,-0.00099929,0.00049965,0.0018558,0.00085654,-7.1378e-05,-0.0017131,0.0054961,0.0087795,0.0017131,0.0071378,-0.00071378,0.00099929,-0.0006424,-0.0037117,0.0016417,-0.0018558,0.0028551,-7.1378e-05,0.0023555,0.00021413,0.0025696,0.00057103,0.0049965,0.002641,-0.0037117,-7.1378e-05,-0.00042827,-0.003212,-0.012848,-0.0042827,0.0054961,0.00092792,-0.0036403,-0.0044968,0.0066382,0.0018558,0.0013562,0.0014989,-0.0019986,-0.0043541,-0.0024982,-0.0039258,0.00042827,0.0068523,-0.0039972,-0.00071378,-7.1378e-05,-0.0022841
-1.556,-0.0055675,0.0010707,-0.00207,0.0039258,-0.0033548,0.0033548,-0.0023555,0.0057816,-0.00021413,-0.0067095,-0.00049965,0.00078516,0.0059244,0.0018558,0.002641,0.0034262,0.0051392,-0.002641,-0.00071378,-0.0060671,-0.0052106,0.0021413,-0.0050679,-0.0024982,0.002641,-0.0022841,0.0012848,-0.00042827,-0.00092792,-0.0029979,0.002641,0.0019272,-0.00078516,0.0017845,-0.0043541,-0.0029265,-0.00078516,0.0059244,0.0055675,-0.0063527,0.00028551,-0.0013562,-0.0039972,-0.0014989,0.0037117,-0.0022127,0.0021413,-0.0031406,0.0019986,-0.0052106,0.0039972,-0.00085654,-0.0032834,-0.0035689,0.0053534,-0.0075661,0.0022127,0.0048537,-0.00028551,0.0060671,0.0031406,0.0013562,0.0014989,0.0096361,-0.0053534,-0.0027124,-0.0024269,0.0030693,0.0057103,-0.0057816,-0.0029979,0.00071378,-0.0024982,-0.0049965,-0.00078516,-0.0010707,0.00085654,0.0050679
-1.4949,-0.0018558,0.0041399,0.0034975,0.0031406,-0.0028551,-7.1378e-05,0.0050679,-0.003783,0.0015703,-0.0017131,-0.0042113,0.0032834,-0.0019272,-0.00085654,0.0024982,-0.00035689,-0.0022127,-0.0034262,0.00099929,-0.0012848,-0.0059244,0.0082085,0.0006424,-0.0018558,-0.0019986,0.0012848,0.0055675,-0.0055675,-0.0010707,-0.0014276,0.0029265,-0.00042827,-0.0022841,0.0052106,0.003212,-7.1378e-05,-7.1378e-05,-0.0017845,0.0032834,-0.0016417,0.0052106,0.0052106,0.0034975,0.0047823,-0.00207,0.0054961,0.0038544,-0.00021413,-0.00035689,-0.0022127,-0.00078516,-0.0053534,-0.0040686,0.00049965,0.0040686,0.0006424,0.0039972,0.0015703,-0.0055675,-0.0028551,0.0034975,0.0013562,-0.00042827,-0.0069237,0.0024269,-0.005853,-0.0041399,-0.0045682,-0.0011421,-0.00092792,0.00099929,0,0.003783,0.0027124,0.0039972,-0.0019272,0.0038544,-0.0082799
-1.4338,0.0006424,0.00035689,-0.0054961,0.00042827,0.00099929,-0.0006424,0.00042827,-0.00078516,-0.00085654,0.00099929,-0.00085654,0.0017131,0.0034975,0.003783,0.0034975,0.0044254,-0.0034975,0.0062813,0.00099929,0.0006424,-0.0061385,0.004711,0.00035689,0.0017845,-0.0022841,-0.0010707,0.0010707,0.0006424,-0.0077088,0.011064,0.0057103,-0.0006424,-0.0012848,0.0018558,-0.0022127,0.00078516,0.0029979,-0.0011421,-0.0019986,-0.0062099,-0.0051392,0.0010707,0.0067095,0.005853,-0.0030693,-0.0057103,-0.0014276,0.0019986,-0.0014989,-0.00057103,0.0049251,0.003783,0.0054961,0.0043541,0.0072806,-0.0080657,-0.017488,0.0006424,0.0098502,-0.0017845,-0.0038544,-0.0015703,0.0010707,-0.0092078,-0.0079944,-0.0021413,-0.0029979,-0.003212,0.00085654,-0.0072806,-0.00014276,-0.0094933,0.0028551,0.0034262,0.0014989,0.0082799,0.0029979,0.00057103
-1.3727,0.0040686,0.0045682,0.004711,0.0006424,0.00085654,-0.0022841,0.0017131,-0.0016417,0.0028551,-0.00014276,0.0024982,-0.0024269,-0.0049965,-0.007923,-0.0016417,0.0006424,0.0011421,0.00078516,-0.00092792,0.0006424,0.0027124,-0.0013562,-7.1378e-05,0.00049965,-0.00049965,0.0023555,-0.00014276,-0.0029265,-0.00207,-0.0059958,-0.00035689,-0.0056389,-0.0012134,0.0045682,-0.0030693,0.00078516,0.003212,-0.0049251,-0.0042827,0.0080657,0.0022841,0.0016417,-0.00057103,0.0019986,0.0011421,0.0030693,-0.00042827,0.0061385,-0.003212,-0.0046396,0.0089937,-0.00014276,0.0015703,-0.0055675,-0.010207,0.0029265,0.0023555,-0.0069951,-0.010564,0.0019986,0.0019272,-0.0024269,-0.0079944,0.012991,0.0043541,0.0049965,0.0054961,0.0014276,0.0054247,0.0054247,0.0050679,-0.0029979,-0.0029265,0.0022127,-0.0017845,0.0012134,-0.0070664,0.0041399
-1.3117,0.0057103,-0.0038544,0.0017845,-0.0023555,0.0071378,0.0068523,-0.00035689,0.0099929,0.0018558,0.0012134,-0.00207,0.0072092,0.0067809,0.0019272,-0.005853,0.0027837,0.0022841,0.0069951,0.0077802,0.0014276,0.0041399,-0.0049251,0.015489,-0.0035689,-0.0046396,-0.0029265,-0.00042827,0.005853,0.0024982,-0.00207,-0.0050679,0.0062099,0.0006424,-0.0023555,0.0047823,0.0011421,0.003783,-0.0030693,0.0057816,0.010493,0.0033548,0.00057103,0.00057103,0.0044254,0.0017845,0.0031406,0.0053534,-0.0006424,-0.0044254,-0.003783,-0.0034975,0.0059244,0.0027837,-0.0014276,0.0097074,-0.0064954,0.0095647,-0.0027837,-0.0064954,0.003783,0.010278,-0.00014276,0.0062099,0.004711,-0.0054247,0.0044968,0.0021413,-0.00042827,0.0054961,-0.0042827,0.011349,0.00057103,-0.0049251,-0.0029979,-0.0014276,0.0066382,0.0039972,0.0042827
-1.2506,-0.0045682,-0.0014989,0.00092792,0.0035689,-0.0022841,0.0024982,0.0016417,-0.010778,0.0040686,-0.0018558,-0.0016417,-0.0033548,-0.0028551,0.0015703,0.003212,-0.0044968,-0.00092792,-0.0053534,-0.0018558,-7.1378e-05,0.00042827,0.0024982,-0.013776,0.00042827,-0.0069237,0.0037117,0.0067095,0.0013562,-0.0047823,-0.0031406,0.0066382,0.0042113,-0.0034975,-0.00207,0.0019986,0.0069237,-0.00028551,-0.0080657,-0.0022841,-0.010778,-0.0041399,-0.0019986,0.0057103,-0.0011421,-0.0042827,-0.0045682,-0.0051392,0.0059958,-0.0019986,0.0015703,0.0006424,-0.0016417,-0.0010707,-0.00021413,0.00078516,-0.007923,-0.015917,-0.0036403,-0.0017131,-0.0019272,-0.010849,-0.0037117,-0.0024982,-0.0062813,-0.0035689,0.0014276,0.0022841,-0.0072092,0.0016417,-0.003212,-0.0034262,-0.00078516,-0.0025696,0.0012848,-0.0014276,-0.0021413,-0.0019272,-0.00092792
-1.1895,-0.0031406,-0.0014276,0.0024269,-0.0078516,-0.0014276,-0.003212,-0.0078516,-0.024554,0.0023555,-0.0069237,-0.0038544,0.0035689,-0.008494,-0.00207,-0.0087795,0.0010707,0.00014276,0.0022127,-0.0063527,-0.0054961,0,-0.003783,-0.0064954,0.00042827,-0.0062099,0.0022841,-0.003783,0.0033548,-0.0012134,0.0027124,-0.0019272,-0.0014989,-0.0056389,-0.0038544,0.0015703,-0.0015703,-0.0036403,-0.0082085,-0.0033548,-0.0050679,-0.0030693,-0.00085654,-0.006424,-0.0054247,-0.0059958,0.00042827,-7.1378e-05,-0.0017131,-0.0027837,-0.0034975,-0.0029265,0.0017131,-0.0081371,0.00042827,-0.0039972,0.0023555,0.015346,0.0094933,0.0049965,0.0039258,0.00078516,-0.0040686,0,0.0029979,0.0027124,0.005282,-0.0087795,0.0014989,0.0019986,-0.010136,-0.0050679,-0.0039258,-0.010064,-0.0062099,-0.0059244,-0.00021413,-0.004711,-0.0067095
-1.1285,0.0029265,-0.0006424,-0.00028551,-0.0039258,-0.0019986,0.0010707,0.0033548,0.014062,-0.003212,-0.0041399,-0.0023555,0.0028551,-0.0019272,0.0048537,-0.00085654,0.011064,-0.00049965,-0.0034262,0.0019986,-0.0019272,0.003783,-0.00207,-0.0038544,0.0041399,0.0040686,0.0034262,-0.0062813,-0.0013562,0.0012134,-0.002641,-0.0017845,0.0015703,-0.0054961,0.00021413,-0.0065668,-0.0022841,0.00042827,0.0041399,0.0095647,0.0035689,0.0011421,-0.0041399,0.00071378,-0.0034262,0.002641,0.0045682,-0.0039258,0.00021413,0.003783,-0.0016417,0.0022841,0.00078516,-0.00099929,0.00071378,0.020343,-0.0042113,-0.0039258,-0.0053534,-0.0028551,0.0014276,-0.0040686,-0.0049251,0.0039972,0.014847,-0.01035,0.0065668,-0.0047823,0.0019272,-0.0029265,0.0016417,-0.0054961,-0.00021413,0.0038544,-0.00014276,-0.0018558,0.0033548,0.012705,0.0042827
-1.0674,0.0091364,0.015204,0.010136,0.008494,0.0046396,0.0024982,0.01449,0.067452,0.00028551,0.0059244,0.01192,0.0062099,0.0059958,0.0013562,0.0095647,0.0066382,0.007352,0.0060671,0.018416,0.0092078,0.0077802,0.026196,0.014989,0.0067095,0.010778,0.0064954,0.0092792,0.0064954,0.012063,0.0074947,0.0066382,0.015917,0.0096361,0.0053534,0.0052106,0.01035,0.011492,0.0042113,0.0086368,0.010707,0.010635,0.0069951,0.0047823,0.0056389,0.0075661,0.0077802,0.005853,0.0069951,0.010136,0.0057816,0.0081371,0.013419,0.005853,0.0085654,0.010849,0.013062,0.022912,0.0017845,0.011349,0.013062,0.0029979,0.0082085,0.0046396,0.0081371,0.0092792,0.0042827,0.0097788,0.0072806,0.014062,0.010849,0.0029979,0.0063527,0.0025696,0.0069951,0.0082085,0.0098502,0.016417,0.0039258
-1.0063,0.011064,0.0017131,0.0064954,0.0068523,0.0072092,0.0069237,0.00092792,-0.010564,0.0054961,0.0024269,-0.0074947,0.0094219,0.0089937,0.0066382,0.0057816,0.0037117,0.0040686,0.00099929,0.009065,0.0034975,0.0062099,-0.0032834,0.0052106,0.0076375,0.0039258,0.003212,0.0044254,0.0039258,0.0047823,0.0080657,0.014918,0.0060671,0.0028551,0.009065,0.0062813,0.0011421,0.01242,0.0014276,-0.0023555,-0.0027124,-0.0014276,0.010493,0.0049965,-0.0049965,0.0034262,0.0035689,0.0049965,0.0042113,0.0021413,0.0028551,0.0016417,0.01399,0.0099929,0.010921,-0.0039972,-0.0031406,0.0049965,-0.0092078,-0.0023555,0.0022127,-0.0042113,0.0024982,0.0041399,0.0039258,0.0087081,0.0018558,0.0023555,0.0024982,0.0019272,0.013134,0.0046396,0.0042113,0.0062813,0.0027837,-0.0033548,0.005282,0.0038544,0.0006424
-0.94524,-0.02591,-0.028123,-0.030264,-0.023769,-0.028266,-0.033476,-0.030193,-0.13769,-0.015061,-0.027124,-0.036903,-0.018273,-0.01656,-0.013348,-0.024483,-0.024982,-0.023983,-0.029622,-0.023055,-0.014918,-0.020557,-0.031692,-0.028837,-0.019415,-0.020343,-0.019343,-0.027623,-0.011206,-0.019629,-0.024269,-0.011849,-0.023055,-0.035618,-0.014418,-0.003212,-0.027695,-0.021699,-0.035546,-0.032691,-0.026695,-0.028123,-0.017702,-0.007923,-0.017202,-0.02384,-0.015703,-0.018416,-0.029408,-0.026624,-0.0197,-0.031335,-0.030336,-0.023983,-0.021413,-0.027409,-0.011206,-0.037402,-0.028337,-0.014062,-0.02591,-0.033191,-0.01242,-0.023198,-0.031906,-0.030621,-0.024411,-0.027837,-0.031121,-0.03419,-0.023626,-0.026124,-0.026624,-0.016702,-0.013776,-0.030693,-0.027623,-0.028123,-0.036688
-0.88416,-0.020985,-0.0043541,-0.0085654,-0.01035,-0.0022127,-0.010064,-0.0077802,-0.0054961,-0.026481,-0.021485,0.00092792,-0.025339,-0.016917,-0.018772,-0.014418,-0.0093505,-0.011135,-0.0051392,-0.0095647,-0.018772,-0.024483,-0.0057816,-0.01192,-0.015846,-0.0094219,-0.013705,-0.01813,-0.027338,-0.014418,-0.013134,-0.023412,-0.019986,-0.0099929,-0.02641,-0.028409,-0.016346,-0.021699,0.0055675,0.00085654,-0.0089223,-0.014561,-0.027695,-0.022056,-0.019629,-0.0096361,-0.02898,-0.025196,-0.0093505,-0.014561,-0.024126,-0.0065668,0.00021413,-0.016346,-0.021057,-0.013562,-0.020486,-0.0066382,-0.0055675,-0.00028551,-0.019558,0.0061385,-0.020985,-0.014418,-0.0051392,-0.0092792,0.00042827,-0.018344,-0.017916,-0.0019986,-0.015275,-0.0096361,-0.015489,-0.019272,-0.026339,-0.0021413,-0.01449,-0.011064,-0.0059958
-0.82309,0.051821,0.071735,0.06424,0.055389,0.049322,0.054676,0.056674,0.25018,0.033976,0.047324,0.074447,0.02898,0.044183,0.037402,0.060457,0.060315,0.046396,0.063883,0.060243,0.023127,0.05489,0.069879,0.06217,0.045182,0.054033,0.053819,0.058387,0.028908,0.066953,0.057745,0.026053,0.056674,0.063241,0.037474,0.014276,0.063598,0.051606,0.071735,0.06838,0.064454,0.068951,0.028337,0.019843,0.04454,0.055889,0.035332,0.04868,0.06317,0.059387,0.036546,0.068737,0.080515,0.063955,0.055033,0.063812,0.053891,0.046681,0.052606,0.061885,0.060315,0.062313,0.02898,0.065454,0.071949,0.05025,0.065311,0.064169,0.071735,0.07095,0.054319,0.066168,0.065882,0.048537,0.031192,0.072948,0.060814,0.059601,0.063741
-0.76202,0.047823,0.013419,0.041899,0.032334,0.04247,0.038687,0.038616,0.066239,0.063384,0.039115,0.016488,0.067667,0.045397,0.062099,0.043898,0.02591,0.034547,0.037402,0.0399,0.065739,0.054604,0.027837,0.036117,0.051178,0.031406,0.043041,0.04868,0.063312,0.041542,0.035475,0.063741,0.046895,0.042898,0.059958,0.068309,0.039544,0.050322,0.01192,0.027195,0.037973,0.031906,0.058887,0.067524,0.054961,0.059244,0.056532,0.044326,0.036831,0.048394,0.053534,0.031406,0.018273,0.043612,0.03833,0.052463,0.03262,0.042185,0.04868,0.020414,0.045468,0.02798,0.064383,0.031549,0.035047,0.050036,0.029622,0.04197,0.019129,0.015204,0.042684,0.040186,0.030193,0.047466,0.07045,0.011349,0.03262,0.041756,0.0404
-0.70094,-0.10086,-0.13669,-0.13298,-0.09165,-0.08651,-0.12398,-0.1187,-0.41007,-0.069879,-0.10107,-0.13933,-0.059458,-0.070736,-0.080515,-0.10921,-0.13683,-0.11014,-0.1157,-0.10364,-0.044825,-0.10593,-0.13747,-0.11856,-0.084155,-0.10593,-0.089508,-0.10378,-0.039401,-0.12584,-0.12406,-0.052534,-0.10278,-0.12534,-0.059244,-0.023626,-0.11513,-0.102,-0.14226,-0.1449,-0.13762,-0.11792,-0.040828,-0.019415,-0.092078,-0.10364,-0.062099,-0.086225,-0.11549,-0.11128,-0.083584,-0.14126,-0.13583,-0.1025,-0.11835,-0.10842,-0.12484,-0.11535,-0.11092,-0.13148,-0.11021,-0.13255,-0.058601,-0.13391,-0.1242,-0.11185,-0.13448,-0.10057,-0.13648,-0.13548,-0.11178,-0.10892,-0.12741,-0.10343,-0.052035,-0.13755,-0.13234,-0.11235,-0.1232
-0.63987,-0.11735,-0.050322,-0.091079,-0.10371,-0.10678,-0.093862,-0.080515,-0.12356,-0.13055,-0.097074,-0.05646,-0.13341,-0.12648,-0.11849,-0.11492,-0.067952,-0.083655,-0.095361,-0.11428,-0.14675,-0.11856,-0.062956,-0.084083,-0.11685,-0.09165,-0.10635,-0.11228,-0.14004,-0.074519,-0.089294,-0.14083,-0.10892,-0.077517,-0.13426,-0.14697,-0.11035,-0.11371,-0.051535,-0.055604,-0.065811,-0.10336,-0.14033,-0.14611,-0.10414,-0.11513,-0.13655,-0.10921,-0.095076,-0.10999,-0.11742,-0.050679,-0.063312,-0.11756,-0.10885,-0.11228,-0.077731,-0.11085,-0.10236,-0.075233,-0.108,-0.060886,-0.12827,-0.082156,-0.095504,-0.11335,-0.073234,-0.12277,-0.05803,-0.0606,-0.10307,-0.10407,-0.074519,-0.097146,-0.14297,-0.058173,-0.073163,-0.10999,-0.082228
-0.5788,0.16667,0.24304,0.19265,0.14447,0.13797,0.17659,0.21107,0.57666,0.066096,0.14818,0.23541,0.074091,0.12441,0.1349,0.20543,0.22998,0.17488,0.21385,0.18251,0.058316,0.19422,0.2359,0.23205,0.10771,0.13155,0.13919,0.20307,0.055746,0.20771,0.22498,0.059173,0.19294,0.21792,0.061885,0.018987,0.18423,0.19151,0.25254,0.23491,0.24818,0.20907,0.084512,0.016631,0.17352,0.18772,0.11884,0.15375,0.22084,0.19943,0.099573,0.23983,0.21292,0.17702,0.18444,0.20193,0.22862,0.15839,0.18894,0.24162,0.21635,0.22969,0.082228,0.20771,0.23198,0.19279,0.2359,0.18387,0.19836,0.24418,0.17274,0.20757,0.21071,0.18601,0.07823,0.22556,0.2177,0.199,0.21049
-0.51773,0.24276,0.14161,0.21728,0.22548,0.22998,0.23469,0.19258,0.30443,0.27131,0.21885,0.16917,0.26967,0.2409,0.24197,0.1955,0.1651,0.19672,0.19379,0.2162,0.2701,0.21678,0.15368,0.17109,0.25482,0.23655,0.22377,0.20107,0.27188,0.19957,0.1753,0.27216,0.21592,0.18009,0.26695,0.28023,0.23041,0.2172,0.14204,0.14347,0.11563,0.1975,0.2611,0.27488,0.19558,0.22327,0.24518,0.21849,0.18287,0.21321,0.25346,0.13419,0.19729,0.2292,0.23441,0.21342,0.18094,0.25411,0.21799,0.1359,0.19508,0.17045,0.26039,0.19793,0.15832,0.21171,0.15332,0.22448,0.19629,0.14454,0.23797,0.19708,0.18615,0.18565,0.26703,0.17688,0.18344,0.21449,0.19108
-0.45665,-0.2848,-0.36374,-0.32213,-0.22827,-0.20171,-0.29215,-0.30107,-0.77174,-0.13483,-0.24818,-0.3459,-0.12256,-0.15875,-0.20685,-0.28994,-0.4055,-0.31257,-0.32634,-0.30578,-0.052606,-0.32984,-0.3913,-0.32099,-0.17523,-0.27188,-0.208,-0.34304,-0.058744,-0.37324,-0.32498,-0.065311,-0.28202,-0.35825,-0.1222,0.051892,-0.34925,-0.28416,-0.3252,-0.39822,-0.3828,-0.34504,-0.10907,0.010421,-0.26032,-0.25411,-0.15582,-0.18523,-0.31649,-0.30814,-0.19037,-0.37117,-0.33384,-0.30643,-0.27024,-0.29551,-0.41271,-0.33698,-0.301,-0.37238,-0.30628,-0.37431,-0.097288,-0.31249,-0.34276,-0.36324,-0.36367,-0.34062,-0.33733,-0.38137,-0.30321,-0.35461,-0.36538,-0.2853,-0.085083,-0.3863,-0.34883,-0.29965,-0.33455
-0.39558,-0.37809,-0.30771,-0.3646,-0.38666,-0.40436,-0.38901,-0.3903,-0.33362,-0.43769,-0.38437,-0.34104,-0.44768,-0.4292,-0.39529,-0.38837,-0.25289,-0.29301,-0.3641,-0.37202,-0.45389,-0.35746,-0.25989,-0.37359,-0.43384,-0.34911,-0.40907,-0.33569,-0.46796,-0.30857,-0.34997,-0.4681,-0.40864,-0.33855,-0.45439,-0.45725,-0.33455,-0.40243,-0.36217,-0.26424,-0.27695,-0.33227,-0.44226,-0.45746,-0.36967,-0.42734,-0.43205,-0.41642,-0.36781,-0.37987,-0.41328,-0.29529,-0.35047,-0.37516,-0.41292,-0.40728,-0.23533,-0.34554,-0.38965,-0.29536,-0.38002,-0.30157,-0.45768,-0.36738,-0.32384,-0.31799,-0.30807,-0.34518,-0.34361,-0.29258,-0.3803,-0.34697,-0.31306,-0.3414,-0.47081,-0.29658,-0.34775,-0.39222,-0.36167
-0.33451,0.34975,0.51449,0.46874,0.27937,0.33355,0.38144,0.45775,0.86289,0.27074,0.34269,0.53255,0.10842,0.21528,0.29779,0.37952,0.52613,0.45775,0.5192,0.42541,0.14725,0.40943,0.55232,0.45718,0.2616,0.37673,0.29229,0.44618,0.13733,0.46389,0.51178,0.081514,0.43105,0.47745,0.10314,0.1374,0.45118,0.39822,0.53334,0.54554,0.57131,0.5399,0.12605,0.13169,0.33733,0.37295,0.2202,0.2434,0.44583,0.40971,0.2444,0.52263,0.53477,0.35932,0.37716,0.41164,0.52634,0.40978,0.43648,0.501,0.40571,0.57003,0.13205,0.48701,0.49401,0.42784,0.48808,0.4232,0.45739,0.54305,0.42805,0.55939,0.44604,0.29279,0.13662,0.52449,0.5262,0.47731,0.51749
-0.27343,0.6454,0.49308,0.53919,0.61985,0.58837,0.61614,0.56003,0.5,0.67881,0.57409,0.49322,0.68002,0.64747,0.61185,0.63455,0.49936,0.45339,0.48187,0.59915,0.69151,0.59501,0.46988,0.55061,0.63698,0.54904,0.60058,0.58216,0.69629,0.55075,0.5045,0.69665,0.58887,0.54747,0.68751,0.68958,0.57402,0.61557,0.48694,0.45868,0.40464,0.4621,0.69544,0.6888,0.58737,0.62163,0.64112,0.62877,0.56532,0.59986,0.63741,0.50407,0.4873,0.64126,0.61778,0.61378,0.50372,0.61171,0.57624,0.52342,0.609,0.42349,0.68273,0.53369,0.5262,0.59858,0.55175,0.602,0.5509,0.48444,0.59701,0.44162,0.57888,0.62078,0.69173,0.51321,0.49187,0.55839,0.49929
-0.21236,-0.49044,-0.73548,-0.53462,-0.4696,-0.54883,-0.54133,-0.58709,-1.0353,-0.34975,-0.41399,-0.65575,-0.35582,-0.23184,-0.53555,-0.5504,-0.69251,-0.47966,-0.53948,-0.43676,-0.25675,-0.46731,-0.67559,-0.62542,-0.50571,-0.43812,-0.30164,-0.54119,-0.12734,-0.62699,-0.61435,-0.16988,-0.56524,-0.57709,-0.21378,-0.048823,-0.48587,-0.50786,-0.70579,-0.72149,-0.72049,-0.61599,-0.37545,-0.07045,-0.36688,-0.49522,-0.46646,-0.30072,-0.6202,-0.52806,-0.46253,-0.73819,-0.66503,-0.43812,-0.52691,-0.45475,-0.69694,-0.42149,-0.47745,-0.6539,-0.59194,-0.69579,-0.36974,-0.59651,-0.57895,-0.43705,-0.7514,-0.45982,-0.57352,-0.64904,-0.44668,-0.68487,-0.6277,-0.38915,-0.38744,-0.73405,-0.62013,-0.5464,-0.6202
-0.15129,-0.82392,-0.57395,-0.79001,-0.85261,-0.80743,-0.7908,-0.74126,-0.53548,-0.89722,-0.77816,-0.69644,-0.9095,-0.88966,-0.83584,-0.79123,-0.64098,-0.7429,-0.79708,-0.88024,-0.91236,-0.83313,-0.65218,-0.71764,-0.85161,-0.76453,-0.8519,-0.80493,-0.90986,-0.71678,-0.72642,-0.91878,-0.78345,-0.77474,-0.91899,-0.88823,-0.83562,-0.82199,-0.63948,-0.5863,-0.602,-0.72406,-0.88766,-0.89544,-0.80515,-0.80572,-0.85718,-0.83719,-0.70457,-0.79522,-0.86339,-0.59251,-0.67802,-0.86596,-0.807,-0.86525,-0.66503,-0.87874,-0.83941,-0.68202,-0.76632,-0.66696,-0.90051,-0.75033,-0.76225,-0.87167,-0.58444,-0.84583,-0.76589,-0.70993,-0.86974,-0.66118,-0.73163,-0.81792,-0.89986,-0.62206,-0.71864,-0.80179,-0.73527
-0.090215,0.55504,0.79308,0.60621,0.59779,0.62827,0.47859,0.68594,0.90607,0.34383,0.57966,0.77802,0.29079,0.50564,0.59722,0.54818,0.74662,0.76139,0.64169,0.55589,0.23769,0.55668,0.7716,0.68266,0.58766,0.77609,0.60165,0.60329,0.14868,0.64412,0.68509,0.26017,0.64826,0.51007,0.30022,-0.10407,0.5681,0.55939,0.77581,0.81928,0.75197,0.61421,0.39536,0.009065,0.64019,0.4419,0.39422,0.50157,0.65718,0.47988,0.36246,0.6888,0.77774,0.5424,0.55825,0.46524,0.78109,0.55511,0.61357,0.75511,0.55418,0.80151,0.42841,0.6307,0.64976,0.52806,0.77531,0.56781,0.60707,0.75982,0.46153,0.58616,0.56096,0.68045,0.32556,0.71728,0.58245,0.66275,0.66946
-0.029142,0.95939,0.7671,0.94112,0.96682,0.98623,1.0022,0.87081,0.66332,1.0628,0.99201,0.78916,1.0639,1.0179,0.98338,0.97039,0.82449,0.86111,0.90986,0.98231,1.0795,0.97445,0.79994,0.8696,0.98095,0.85961,0.99523,0.94319,1.0647,0.89258,0.87667,1.0763,0.91,0.99672,1.074,1.0051,0.97296,0.96982,0.79901,0.75283,0.80657,0.9352,1.0505,1.0424,0.95932,1.0255,1.0419,1.0074,0.89587,1.0117,1.0566,0.86132,0.77788,0.96967,0.97581,1.0223,0.78302,0.95861,0.92021,0.81828,0.98309,0.75604,1.0443,0.92178,0.9165,0.98245,0.80222,0.9646,0.91207,0.8115,1.0295,0.95818,0.96824,0.93241,1.0672,0.86018,0.94633,0.90964,0.89879
0.031931,-0.45546,-0.78773,-0.6282,-0.68359,-0.6247,-0.53748,-0.61821,-0.64126,-0.3237,-0.5696,-0.79373,-0.23455,-0.37545,-0.39636,-0.50093,-0.72178,-0.7509,-0.63348,-0.53712,-0.25254,-0.36724,-0.78666,-0.69658,-0.44083,-0.75996,-0.47067,-0.50143,-0.05489,-0.49829,-0.58502,-0.20528,-0.4509,-0.66239,-0.25239,0.1267,-0.47802,-0.36838,-0.77488,-0.66696,-0.71335,-0.50386,-0.298,0.13904,-0.50386,-0.55668,-0.38459,-0.44511,-0.65104,-0.45311,-0.39372,-0.62113,-0.77667,-0.5888,-0.37909,-0.41399,-0.64926,-0.40785,-0.57567,-0.74219,-0.44526,-0.85568,-0.3888,-0.55389,-0.57923,-0.47866,-0.74697,-0.45525,-0.48145,-0.79487,-0.4631,-0.60978,-0.57495,-0.59322,-0.25325,-0.75061,-0.56439,-0.45889,-0.64098
0.093004,-1.0485,-0.84062,-0.96425,-0.99159,-1.0198,-1.0183,-0.96839,-0.69986,-1.1075,-1.0459,-0.85118,-1.1121,-1.1009,-1.0947,-1.0261,-0.87959,-0.95989,-0.97053,-1.0186,-1.0944,-1.069,-0.86153,-0.91543,-1.095,-0.95161,-1.0909,-1.0253,-1.0939,-1.0318,-1.0018,-1.1151,-1.0708,-0.95354,-1.1172,-1.0546,-1.0443,-1.0945,-0.87288,-0.91193,-0.9165,-1.0308,-1.0947,-1.0376,-1.0596,-0.99216,-1.0967,-1.0857,-0.96874,-1.0665,-1.0959,-0.95618,-0.8766,-0.9973,-1.0889,-1.0618,-0.94069,-1.0747,-0.98909,-0.86989,-1.0565,-0.77495,-1.0822,-1.0107,-1.0009,-1.0552,-0.90722,-1.0628,-1.0495,-0.82699,-1.0505,-1.0016,-1.0034,-1.035,-1.1154,-0.87024,-1.0058,-1.069,-0.9706
0.15408,0.22777,0.67024,0.42127,0.49822,0.46018,0.39551,0.36724,0.27795,0.17423,0.50843,0.63784,0.0197,0.38773,0.27423,0.29893,0.55104,0.56574,0.4237,0.31464,0.068095,0.24319,0.53227,0.39065,0.34554,0.58716,0.45239,0.23398,-0.11349,0.38965,0.41406,0.026267,0.25903,0.44333,0.14611,-0.24918,0.37559,0.20486,0.64319,0.50036,0.49508,0.46517,0.11235,-0.18259,0.38972,0.21299,0.1399,0.40129,0.43498,0.32977,0.28244,0.55275,0.64876,0.43148,0.35361,0.34204,0.5202,0.30093,0.27074,0.63248,0.3636,0.56046,0.18965,0.50036,0.49793,0.29465,0.48487,0.35496,0.52677,0.67224,0.36017,0.42756,0.512,0.43441,0.047966,0.70058,0.41835,0.32898,0.43783
0.21515,1.0535,0.85854,0.98138,0.96032,0.99251,1.006,1.0197,0.61435,1.0199,0.99101,0.89344,1.0271,1.0231,1.0495,1.049,0.94662,0.97217,1.007,1.0433,1.0253,1.0589,0.95761,1.0135,1.0369,0.97524,1.0084,1.0564,0.99615,1.0194,1.0107,1.0386,1.0489,0.99887,1.0495,0.95711,1.0314,1.0599,0.89587,0.96632,0.96603,0.98859,1.0326,0.96832,1.0098,1.0549,1.0318,1.0211,1.0004,1.0346,1.0303,0.94319,0.87888,1.0161,1.0388,1.0253,0.96104,1.0583,1.0485,0.88231,1.0339,0.94747,1.0423,0.98916,0.97931,1.0368,0.98488,1.0421,0.9489,0.88095,1.0324,1.0029,0.96546,1.0118,1.0452,0.84961,1.0015,1.0458,0.99366
0.27622,-0.0060671,-0.37566,-0.26588,-0.17523,-0.20271,-0.16553,-0.2494,0.051464,0.0006424,-0.30229,-0.38658,0.076946,-0.0099216,-0.13733,-0.080229,-0.32691,-0.39572,-0.1883,-0.049893,0.19715,-0.073591,-0.33855,-0.17966,-0.13448,-0.33897,-0.22812,-0.1177,0.1818,-0.27795,-0.15425,0.14276,-0.073448,-0.27145,0.047681,0.30978,-0.14547,-0.069308,-0.42449,-0.41292,-0.31835,-0.15989,0.18508,0.35318,-0.24169,-0.070522,0.015703,-0.18987,-0.18765,-0.11142,-0.14568,-0.3888,-0.39037,-0.06217,-0.13041,-0.060315,-0.31749,-0.062385,-0.16203,-0.35368,-0.095433,-0.35461,0.012491,-0.25675,-0.21278,-0.12091,-0.32991,-0.017345,-0.34568,-0.36446,-0.091364,-0.11349,-0.27666,-0.29843,0.099573,-0.38808,-0.31314,-0.10828,-0.21656
0.3373,-0.90051,-0.80572,-0.86539,-0.8342,-0.8509,-0.88095,-0.87081,-0.42534,-0.82285,-0.83741,-0.82035,-0.82963,-0.8357,-0.85946,-0.9075,-0.84562,-0.82677,-0.88488,-0.90522,-0.7883,-0.9075,-0.84133,-0.88909,-0.86068,-0.8459,-0.85839,-0.90022,-0.79337,-0.85254,-0.89615,-0.81414,-0.91621,-0.87931,-0.83684,-0.75796,-0.91129,-0.91942,-0.81464,-0.81143,-0.83912,-0.89087,-0.78388,-0.72606,-0.84762,-0.89865,-0.8287,-0.85797,-0.86839,-0.89437,-0.84704,-0.82385,-0.82128,-0.91129,-0.9035,-0.90786,-0.86425,-0.89901,-0.90258,-0.84262,-0.89344,-0.85211,-0.84133,-0.87574,-0.86989,-0.91178,-0.86303,-0.91949,-0.83334,-0.83984,-0.90136,-0.90222,-0.86746,-0.84398,-0.81978,-0.82292,-0.86368,-0.90957,-0.8838
0.39837,-0.23869,0.048823,-0.14176,-0.080515,-0.10971,-0.20336,-0.079658,-0.35625,-0.34797,-0.067595,-0.017987,-0.31271,-0.16296,-0.12013,-0.14911,-0.036331,0.012491,-0.05025,-0.17159,-0.33662,-0.12234,0.021842,0.015632,-0.18223,-0.1167,-0.088794,-0.092506,-0.35739,-0.07302,-0.037259,-0.32206,-0.1252,-0.040329,-0.34311,-0.47695,-0.14304,-0.14533,0.062099,0.078516,0.12191,-0.071235,-0.24932,-0.45211,0.017488,-0.15725,-0.19094,-0.053676,-0.045611,-0.13276,-0.22677,0.071878,-0.063598,-0.17538,-0.17659,-0.13455,-0.009065,-0.23355,-0.12891,0.085868,-0.096289,-0.025268,-0.26139,-0.074804,-0.011563,-0.12341,0.046396,-0.14126,-0.11685,0.023769,-0.19079,-0.08651,-0.055889,0.024554,-0.30678,-0.0207,-0.042684,-0.13555,-0.079087
0.45944,0.62242,0.65054,0.63784,0.5818,0.57288,0.63976,0.64997,0.14483,0.46624,0.58073,0.65725,0.48237,0.55375,0.57488,0.64041,0.65746,0.60086,0.65154,0.6327,0.47031,0.64305,0.65811,0.66417,0.54283,0.57131,0.57752,0.6454,0.45382,0.65111,0.65825,0.48187,0.65275,0.66839,0.47352,0.38837,0.6519,0.65054,0.65325,0.64933,0.65211,0.65789,0.51649,0.39415,0.60593,0.64854,0.53705,0.58202,0.65026,0.64233,0.52356,0.65532,0.64412,0.63577,0.65204,0.64205,0.6646,0.63933,0.65504,0.67124,0.65711,0.66239,0.51349,0.65468,0.65268,0.65261,0.66039,0.65061,0.64833,0.65882,0.63177,0.65197,0.64619,0.60357,0.49351,0.65361,0.66003,0.64369,0.64876
0.52052,0.41449,0.31,0.37538,0.31078,0.33833,0.41556,0.37845,0.46396,0.41328,0.31406,0.33648,0.4277,0.38794,0.33576,0.4065,0.26253,0.19186,0.34012,0.36439,0.45125,0.31449,0.23162,0.35461,0.35311,0.23669,0.30892,0.31435,0.47331,0.29229,0.33548,0.45939,0.40564,0.304,0.40771,0.54669,0.31806,0.38437,0.33319,0.25111,0.26039,0.32434,0.41885,0.52798,0.26738,0.41778,0.37602,0.3499,0.33776,0.35711,0.33662,0.2454,0.32256,0.3691,0.39665,0.38166,0.21656,0.33348,0.36753,0.26067,0.35846,0.27316,0.41928,0.32577,0.31521,0.29501,0.2656,0.30664,0.30386,0.26124,0.39237,0.31506,0.29251,0.2586,0.46067,0.26767,0.31071,0.39287,0.33476
0.58159,-0.29929,-0.38466,-0.32677,-0.26767,-0.23448,-0.29565,-0.32584,0.045397,-0.16046,-0.26396,-0.36503,-0.14989,-0.18887,-0.2399,-0.30685,-0.40628,-0.32962,-0.34047,-0.32027,-0.10157,-0.34276,-0.41249,-0.32498,-0.21107,-0.30257,-0.25082,-0.3489,-0.073805,-0.37345,-0.35097,-0.1,-0.28501,-0.37217,-0.16388,0.037188,-0.36189,-0.30714,-0.35361,-0.40093,-0.37738,-0.3489,-0.15204,0.0032834,-0.28159,-0.27909,-0.19508,-0.21385,-0.34704,-0.31949,-0.22613,-0.3813,-0.34454,-0.31571,-0.297,-0.31942,-0.41456,-0.33112,-0.31449,-0.39358,-0.32713,-0.38451,-0.15282,-0.35568,-0.35611,-0.35782,-0.37395,-0.3621,-0.36374,-0.38294,-0.29008,-0.35468,-0.3696,-0.2898,-0.10164,-0.38701,-0.36781,-0.30478,-0.34833
0.64266,-0.5267,-0.48152,-0.50521,-0.45639,-0.45132,-0.50714,-0.51078,-0.46724,-0.52841,-0.45282,-0.48409,-0.47652,-0.47459,-0.46082,-0.52463,-0.48459,-0.38173,-0.45268,-0.4828,-0.44618,-0.48402,-0.44597,-0.49108,-0.44533,-0.41899,-0.43683,-0.47938,-0.47102,-0.47145,-0.48459,-0.45589,-0.47923,-0.47688,-0.45725,-0.46724,-0.47716,-0.48559,-0.44069,-0.43569,-0.43983,-0.44918,-0.45982,-0.46089,-0.42327,-0.4873,-0.45018,-0.43576,-0.47816,-0.48466,-0.43384,-0.45282,-0.44918,-0.4923,-0.48873,-0.48937,-0.45496,-0.49379,-0.47466,-0.4621,-0.48437,-0.43234,-0.45004,-0.46917,-0.4641,-0.48223,-0.45611,-0.47716,-0.4656,-0.45953,-0.49993,-0.46332,-0.5015,-0.45461,-0.46696,-0.4798,-0.47516,-0.49194,-0.48402
0.70373,-0.077517,0.071378,0.0060671,-0.07873,-0.047466,-0.055104,-0.0043541,-0.22791,-0.1449,-0.037759,0.07252,-0.19929,-0.13405,-0.083084,-0.058387,0.0611,0.044968,0.039044,-0.030478,-0.17388,-0.041257,0.072449,-0.011635,-0.094291,-0.019986,-0.072021,-0.0197,-0.22177,0.0074947,0.038901,-0.19829,-0.019343,0.010064,-0.18573,-0.2646,-0.0032834,-0.030407,0.084797,0.086653,0.12206,0.073234,-0.16917,-0.27573,-0.044683,-0.044611,-0.1045,-0.095647,0.0029979,-0.033762,-0.095504,0.067024,0.077231,-0.070807,-0.058673,-0.025196,0.069808,-0.03212,-0.0078516,0.061314,-0.026767,0.12962,-0.16374,0.024554,0.02898,-0.016988,0.056674,-0.02177,0.011421,0.06731,-0.033976,0.060457,-0.013847,-0.080229,-0.19022,0.049679,0.039044,-0.0057103,0.034547
0.76481,0.48002,0.51963,0.4913,0.45225,0.4389,0.4888,0.49544,0.33669,0.3691,0.46803,0.51778,0.36931,0.43912,0.41435,0.48901,0.51692,0.44783,0.45625,0.43141,0.31185,0.43234,0.47716,0.47988,0.38915,0.44312,0.41414,0.45418,0.2641,0.4828,0.49936,0.30214,0.46531,0.46196,0.30015,0.26688,0.44554,0.45397,0.48023,0.47838,0.48287,0.46667,0.32656,0.20957,0.43469,0.44533,0.37752,0.41799,0.46567,0.4479,0.3591,0.49272,0.47595,0.43455,0.45254,0.45589,0.47952,0.43184,0.44683,0.46046,0.44754,0.46788,0.35553,0.46103,0.46296,0.43012,0.4818,0.42484,0.46053,0.48187,0.44597,0.48737,0.49087,0.44404,0.3651,0.51164,0.49008,0.47024,0.49608
0.82588,0.30871,0.16717,0.28837,0.29993,0.31828,0.29251,0.26324,0.2863,0.3995,0.30157,0.22448,0.40129,0.37388,0.35768,0.29586,0.20029,0.26103,0.2813,0.33676,0.40229,0.31713,0.22134,0.23819,0.34433,0.27759,0.32391,0.28908,0.43319,0.24197,0.26417,0.39758,0.27466,0.25575,0.40479,0.43812,0.29879,0.28059,0.17952,0.16681,0.17602,0.2409,0.39479,0.45011,0.29579,0.297,0.34697,0.30964,0.23619,0.27102,0.34447,0.16888,0.21035,0.31285,0.2808,0.29943,0.20022,0.30571,0.28566,0.21984,0.26224,0.20735,0.35896,0.24504,0.26024,0.31663,0.15782,0.31228,0.25218,0.23091,0.35189,0.21164,0.24861,0.31927,0.37773,0.18772,0.25075,0.29665,0.25218
0.88695,-0.33919,-0.42863,-0.35561,-0.2798,-0.27252,-0.31571,-0.39294,-0.11813,-0.18337,-0.31656,-0.42449,-0.11656,-0.25561,-0.24975,-0.33305,-0.4212,-0.33798,-0.34604,-0.31121,-0.095575,-0.29857,-0.39201,-0.35318,-0.15532,-0.26374,-0.23098,-0.33191,-0.07095,-0.35104,-0.38002,-0.10386,-0.34361,-0.28872,-0.11306,0.032763,-0.31371,-0.29772,-0.38423,-0.40079,-0.37352,-0.33155,-0.10386,0.0066382,-0.26538,-0.26446,-0.14832,-0.24269,-0.34097,-0.27952,-0.20157,-0.35282,-0.38594,-0.31249,-0.30735,-0.27823,-0.38673,-0.29879,-0.33484,-0.38259,-0.2995,-0.37945,-0.19672,-0.32855,-0.33912,-0.29194,-0.38623,-0.303,-0.32684,-0.3833,-0.27581,-0.33805,-0.32777,-0.27295,-0.15603,-0.37895,-0.3227,-0.35782,-0.36417
0.94803,-0.43448,-0.34854,-0.42363,-0.43348,-0.44254,-0.44968,-0.38908,-0.28387,-0.48523,-0.41185,-0.36496,-0.49194,-0.45411,-0.44526,-0.44983,-0.37723,-0.36703,-0.41071,-0.43055,-0.47152,-0.4302,-0.37581,-0.38865,-0.46389,-0.42349,-0.43612,-0.40464,-0.47252,-0.40343,-0.39308,-0.46046,-0.38473,-0.4262,-0.46867,-0.46988,-0.41963,-0.41542,-0.34197,-0.33141,-0.35711,-0.4045,-0.45975,-0.47352,-0.40322,-0.44576,-0.45254,-0.4095,-0.38266,-0.42963,-0.42805,-0.37002,-0.33548,-0.40764,-0.41214,-0.44005,-0.35746,-0.43227,-0.38823,-0.3449,-0.41178,-0.33755,-0.42113,-0.39501,-0.38844,-0.41371,-0.3439,-0.41257,-0.38637,-0.36952,-0.46046,-0.4262,-0.42948,-0.41357,-0.46931,-0.38351,-0.43184,-0.39922,-0.40236
1.0091,0.13398,0.25639,0.20407,0.10278,0.064454,0.16153,0.20321,-0.028551,-0.07252,0.12455,0.26888,-0.078944,0.033476,0.024411,0.14297,0.23683,0.1389,0.17067,0.13712,-0.086939,0.068309,0.24376,0.20136,0.017773,0.11371,0.033119,0.12605,-0.14447,0.13027,0.18309,-0.098859,0.10664,0.18401,-0.079801,-0.19436,0.12006,0.072734,0.21128,0.19301,0.20785,0.1237,-0.043826,-0.16224,0.10228,0.15154,-0.0051392,0.04818,0.18551,0.10707,0.01606,0.17609,0.2257,0.15903,0.075946,0.09893,0.18694,0.082799,0.1454,0.20386,0.087296,0.24461,-0.024054,0.13226,0.13483,0.103,0.20386,0.092363,0.097074,0.23491,0.10443,0.15689,0.15589,0.06838,-0.051606,0.22349,0.14847,0.10393,0.17466
1.0702,0.43162,0.39158,0.41499,0.4222,0.42898,0.43626,0.42299,0.16795,0.42641,0.41735,0.38544,0.41164,0.41771,0.4307,0.43198,0.39408,0.38773,0.40029,0.41114,0.40186,0.42491,0.37659,0.38045,0.41492,0.39194,0.39958,0.403,0.38501,0.41899,0.41042,0.3908,0.409,0.38002,0.40471,0.3616,0.39579,0.40393,0.3611,0.36638,0.36075,0.39743,0.39037,0.38166,0.37552,0.39265,0.38216,0.3828,0.37923,0.39408,0.3893,0.36845,0.36132,0.37773,0.40393,0.40486,0.36995,0.407,0.37959,0.35789,0.3985,0.34404,0.38394,0.39615,0.39108,0.40172,0.35939,0.3995,0.39736,0.3499,0.41521,0.40029,0.4105,0.40143,0.40814,0.37474,0.40293,0.42027,0.39529
1.1312,0.042827,-0.080158,-0.0046396,0.044469,0.0606,0.016631,0.022912,0.095004,0.21114,0.059601,-0.061814,0.19857,0.1409,0.10949,0.047324,-0.0399,0.021913,0.0045682,0.050036,0.207,0.062813,-0.017987,0.019986,0.082585,-0.0054247,0.10942,0.079515,0.2843,0.018487,0.017345,0.22006,0.061671,0.0080657,0.20157,0.27531,0.042185,0.082014,-0.045182,-0.0043541,-0.010707,0.0077088,0.1561,0.26567,0.058316,0.073948,0.13483,0.098216,0.02227,0.047252,0.13355,-0.011349,-0.041399,0.021342,0.044825,0.046681,-0.0019986,0.068737,0.086011,-0.03576,0.063312,-0.0006424,0.18344,0.014561,0.021128,0.072806,0.018273,0.050679,0.0099929,-0.031692,0.043541,0.029765,-0.0037117,0.098145,0.1833,-0.053891,0.032334,0.055247,0.035975
1.1923,-0.30685,-0.30379,-0.31285,-0.30864,-0.30393,-0.32441,-0.31885,-0.047466,-0.27416,-0.30664,-0.31149,-0.26795,-0.28173,-0.29372,-0.31171,-0.30971,-0.28987,-0.29658,-0.28808,-0.24668,-0.29443,-0.29579,-0.29144,-0.27745,-0.27017,-0.25917,-0.27431,-0.20428,-0.28965,-0.28944,-0.21913,-0.26174,-0.27167,-0.2287,-0.19079,-0.26317,-0.26132,-0.25796,-0.26267,-0.25304,-0.26189,-0.24047,-0.19836,-0.25789,-0.26496,-0.25539,-0.25154,-0.25925,-0.25561,-0.23433,-0.25696,-0.25039,-0.26481,-0.26053,-0.27324,-0.27502,-0.25825,-0.25461,-0.25546,-0.25846,-0.2661,-0.21749,-0.27488,-0.27459,-0.26724,-0.26281,-0.25875,-0.25368,-0.26246,-0.27124,-0.27081,-0.27067,-0.25204,-0.23212,-0.26182,-0.26096,-0.26881,-0.26981
1.2534,-0.14611,-0.066953,-0.1035,-0.15196,-0.15225,-0.12613,-0.10257,-0.076732,-0.20892,-0.14418,-0.068023,-0.21285,-0.19194,-0.18537,-0.13847,-0.082799,-0.09322,-0.10143,-0.13669,-0.21713,-0.13362,-0.067452,-0.088652,-0.14133,-0.10179,-0.14704,-0.11628,-0.21485,-0.088723,-0.11092,-0.18401,-0.13555,-0.083227,-0.20421,-0.23341,-0.12363,-0.14647,-0.083013,-0.086368,-0.10543,-0.13298,-0.2025,-0.22741,-0.12605,-0.13683,-0.17452,-0.14154,-0.12348,-0.13533,-0.16717,-0.093648,-0.10207,-0.13769,-0.1399,-0.15682,-0.11014,-0.15996,-0.14925,-0.13833,-0.16817,-0.12712,-0.22334,-0.14554,-0.14211,-0.16453,-0.11556,-0.17673,-0.1182,-0.11156,-0.16538,-0.15982,-0.12727,-0.14611,-0.22634,-0.11463,-0.13184,-0.1646,-0.15039
1.3145,0.1469,0.17373,0.16974,0.15211,0.14925,0.15646,0.17481,-0.048252,0.12341,0.1404,0.16774,0.093505,0.10471,0.11649,0.14019,0.15696,0.14361,0.12263,0.12348,0.072877,0.12127,0.13226,0.10493,0.10692,0.10978,0.085725,0.096575,0.040471,0.10928,0.10828,0.050393,0.069094,0.089223,0.05803,0.020985,0.0808,0.06681,0.090008,0.09579,0.091293,0.079016,0.045397,0.020129,0.084726,0.077017,0.071164,0.086796,0.076732,0.062741,0.047538,0.08444,0.087367,0.068737,0.082156,0.075946,0.091578,0.06424,0.068594,0.099002,0.060029,0.094647,0.024126,0.097146,0.090151,0.080015,0.094362,0.054247,0.079016,0.083941,0.061028,0.069023,0.090365,0.073163,0.0059244,0.087438,0.084512,0.059744,0.084083
1.3755,0.14368,0.11292,0.13205,0.14918,0.14161,0.15232,0.13569,-0.0039258,0.17017,0.14954,0.13326,0.1556,0.16153,0.15989,0.15025,0.1267,0.10849,0.10828,0.11792,0.1389,0.1147,0.10393,0.10179,0.11442,0.095504,0.099073,0.10971,0.11071,0.11942,0.12984,0.10014,0.099573,0.1025,0.11249,0.11378,0.1349,0.14347,0.15011,0.15004,0.14504,0.13333,0.11956,0.11649,0.12398,0.12791,0.11963,0.12905,0.13312,0.14276,0.12598,0.16388,0.15553,0.14533,0.14918,0.14026,0.15539,0.15903,0.17402,0.18965,0.19743,0.197,0.16817,0.1863,0.17516,0.18401,0.17695,0.16553,0.17181,0.17431,0.16531,0.17538,0.16788,0.15924,0.1444,0.19144,0.18658,0.18408,0.19515
1.4366,-0.0014989,-0.026053,-0.017845,-0.007352,-0.024411,-0.013633,-0.02591,0.094576,0.02177,-0.00099929,-0.0082799,0.051035,0.044469,0.032763,0.025768,0.011849,0.0089223,0.0077802,0.019986,0.036474,0.017131,0.004711,0.029836,0.038972,0.047538,0.054604,0.070093,0.085582,0.068523,0.067667,0.097931,0.08858,0.093505,0.08651,0.096932,0.093505,0.10557,0.075518,0.071949,0.062956,0.084012,0.10585,0.10607,0.077731,0.075518,0.083084,0.082156,0.092577,0.11992,0.12448,0.097288,0.106,0.11114,0.099073,0.099644,0.06631,0.11992,0.10671,0.067238,0.089865,0.078873,0.13312,0.086582,0.068951,0.087795,0.068309,0.10992,0.11271,0.094291,0.1277,0.10785,0.095861,0.11499,0.15439,0.10992,0.10714,0.11742,0.11007
1.4977,-0.058173,-0.076089,-0.072449,-0.064454,-0.080372,-0.077374,-0.08858,0.11299,-0.070736,-0.070807,-0.085368,-0.052891,-0.062099,-0.082156,-0.082228,-0.084797,-0.050179,-0.037616,-0.02798,-0.013776,-0.034119,-0.044754,-0.026196,0.00057103,-0.017416,-0.010564,-0.026267,0.033905,-0.056746,-0.06938,0.045325,-0.0097074,-0.055461,0.0024269,0.020842,-0.080871,-0.060743,-0.093862,-0.12677,-0.11071,-0.091364,-0.015632,0.024483,-0.050893,-0.04297,-0.01606,-0.043327,-0.091792,-0.063669,-0.048823,-0.14461,-0.10514,-0.072734,-0.056888,-0.077017,-0.13441,-0.091435,-0.11135,-0.17944,-0.13369,-0.17295,-0.060029,-0.15246,-0.14219,-0.13833,-0.15375,-0.1162,-0.13383,-0.15254,-0.082799,-0.13862,-0.14004,-0.10957,-0.033762,-0.17395,-0.15468,-0.10821,-0.16617
1.5588,-0.073448,-0.064954,-0.07045,-0.056389,-0.056532,-0.049536,-0.050036,-0.086296,-0.066524,-0.082299,-0.087652,-0.11413,-0.12591,-0.11785,-0.1167,-0.11328,-0.097003,-0.086582,-0.08494,-0.070165,-0.083655,-0.11685,-0.10985,-0.10564,-0.14026,-0.1484,-0.15618,-0.12798,-0.1858,-0.18294,-0.15025,-0.17566,-0.19136,-0.15489,-0.14083,-0.17845,-0.19943,-0.21421,-0.19279,-0.18815,-0.1955,-0.17688,-0.15475,-0.17638,-0.16239,-0.17609,-0.1686,-0.20707,-0.20514,-0.22306,-0.20807,-0.22448,-0.20093,-0.19122,-0.17837,-0.17966,-0.18194,-0.20457,-0.19051,-0.20057,-0.18137,-0.21678,-0.18523,-0.18094,-0.16296,-0.18858,-0.1873,-0.21635,-0.22341,-0.22727,-0.21463,-0.20921,-0.22848,-0.25482,-0.22127,-0.23826,-0.22834,-0.21606
1.6198,-0.045182,-0.034333,-0.032477,-0.048109,-0.033619,-0.023055,-0.014276,-0.17766,-0.035689,-0.047324,-0.022698,-0.079087,-0.042756,-0.034119,-0.021913,-0.019915,-0.065311,-0.062313,-0.073948,-0.098074,-0.072806,-0.068594,-0.10271,-0.12655,-0.091864,-0.11235,-0.086153,-0.1586,-0.05489,-0.029479,-0.16788,-0.088438,-0.058601,-0.12427,-0.15974,-0.027124,-0.030764,0.032691,0.048751,0.05439,0.01763,-0.10129,-0.15346,-0.046253,-0.032334,-0.059101,-0.045468,-0.017274,-0.031763,-0.070807,0.054176,0.052748,-0.039686,-0.042399,-0.02384,0.048109,-0.018915,0.023912,0.095361,0.043041,0.13705,-0.030621,0.058173,0.06424,0.039758,0.093791,0.020557,0.025625,0.068523,0.010278,0.037616,0.017202,-0.0079944,-0.10328,0.083798,0.064954,0.039258,0.07823
1.6809,0.064954,0.089294,0.070236,0.049037,0.038616,0.047038,0.050322,0.02484,0.059244,0.103,0.12884,0.086153,0.13712,0.13027,0.13926,0.1484,0.10835,0.10079,0.086653,0.042684,0.090508,0.13148,0.12498,0.11078,0.16246,0.15489,0.18116,0.11042,0.20643,0.21306,0.1379,0.19622,0.20985,0.14504,0.12213,0.20992,0.22149,0.24376,0.23248,0.24297,0.20771,0.1793,0.13162,0.19565,0.18366,0.18822,0.19322,0.22556,0.23633,0.2369,0.2701,0.25946,0.22034,0.21135,0.20785,0.22256,0.22406,0.22691,0.25439,0.23112,0.21984,0.22655,0.19572,0.20122,0.21049,0.22199,0.22584,0.22777,0.26024,0.26317,0.24411,0.24326,0.25539,0.26638,0.28644,0.27088,0.25853,0.2394
1.742,0.14019,0.12391,0.12862,0.14233,0.12463,0.10971,0.10071,0.18808,0.13084,0.13505,0.1197,0.1616,0.15068,0.13291,0.10485,0.11613,0.1586,0.16024,0.16902,0.17445,0.16239,0.15853,0.16324,0.21635,0.20336,0.20628,0.17516,0.24204,0.14504,0.13519,0.26096,0.16731,0.14347,0.21949,0.21071,0.11014,0.089223,0.039401,0.035618,0.035546,0.081799,0.18715,0.21314,0.11606,0.10236,0.15525,0.13398,0.077588,0.093934,0.18444,0.019343,0.055532,0.10928,0.087153,0.097788,0.031692,0.074376,0.041613,0.003212,0.013776,-0.0197,0.10036,0.013919,0.0097074,0.049822,-0.019058,0.069665,0.05803,0.045896,0.1177,0.027266,0.04404,0.090436,0.18458,0.0032834,0.033048,0.052035,0.0048537
1.803,-0.018273,-0.058102,-0.011349,-0.0030693,0.021271,-0.00049965,-0.0027837,0.055033,0.032477,-0.048751,-0.08858,-0.056032,-0.07923,-0.092649,-0.12491,-0.12127,-0.069165,-0.039401,-0.019486,0.042399,-0.023127,-0.079016,-0.074019,-0.040828,-0.108,-0.10678,-0.13319,-0.021271,-0.18294,-0.18266,-0.072663,-0.16089,-0.18494,-0.086011,-0.076732,-0.18116,-0.20229,-0.20271,-0.20564,-0.19472,-0.18366,-0.12455,-0.061671,-0.17423,-0.15932,-0.1444,-0.15254,-0.19729,-0.20857,-0.19208,-0.23748,-0.21592,-0.18259,-0.18937,-0.18673,-0.19451,-0.18987,-0.18901,-0.20014,-0.19515,-0.18801,-0.197,-0.17538,-0.18444,-0.1868,-0.19208,-0.19643,-0.20878,-0.23048,-0.22377,-0.2202,-0.22099,-0.2379,-0.2399,-0.25282,-0.24647,-0.22791,-0.2162
1.8641,-0.17616,-0.18016,-0.17495,-0.17409,-0.16296,-0.13783,-0.14554,-0.1197,-0.16224,-0.19393,-0.16852,-0.19208,-0.19872,-0.17695,-0.16353,-0.17688,-0.21221,-0.20614,-0.20414,-0.18608,-0.20264,-0.2162,-0.21242,-0.24683,-0.25375,-0.26296,-0.21649,-0.26389,-0.20229,-0.18887,-0.26317,-0.19508,-0.19715,-0.22284,-0.21385,-0.1364,-0.13876,-0.089508,-0.076446,-0.092006,-0.12527,-0.20928,-0.21206,-0.15974,-0.14697,-0.16346,-0.15539,-0.12141,-0.16153,-0.19443,-0.10978,-0.091507,-0.13098,-0.12206,-0.13833,-0.071735,-0.11142,-0.086225,-0.048252,-0.067952,-0.029693,-0.1157,-0.048252,-0.04504,-0.074662,-0.030122,-0.09579,-0.10264,-0.081799,-0.14454,-0.10728,-0.11463,-0.14604,-0.21078,-0.081657,-0.11064,-0.07716,-0.06424
1.9252,-0.055746,-0.019486,-0.064169,-0.08651,-0.096503,-0.087153,-0.057174,-0.17124,-0.10471,-0.011492,0.034476,-0.053462,0.02384,0.044397,0.063027,0.052035,-0.0027124,-0.033548,-0.045468,-0.12727,-0.033691,0.017202,0.0070664,-0.058958,0.0040686,0.012705,0.070736,-0.031835,0.10121,0.11934,-0.0059958,0.099358,0.08858,0.037474,-0.0202,0.12377,0.12634,0.14811,0.14268,0.13947,0.12234,0.053534,0.014918,0.11578,0.082941,0.074233,0.097217,0.14304,0.12291,0.13769,0.15725,0.17638,0.13669,0.12598,0.1202,0.14283,0.13276,0.16039,0.1601,0.14954,0.15389,0.13655,0.12298,0.12891,0.12827,0.14875,0.1459,0.15396,0.17423,0.1459,0.16274,0.1611,0.18487,0.15668,0.19179,0.17987,0.16545,0.16396
1.9863,0.15725,0.17345,0.16153,0.14954,0.11785,0.13569,0.13762,0.0045682,0.11428,0.19094,0.16938,0.15625,0.17266,0.17116,0.16146,0.18358,0.19408,0.18644,0.17259,0.14426,0.16317,0.19807,0.20386,0.20878,0.23119,0.22441,0.2015,0.20735,0.19957,0.19522,0.21099,0.19665,0.1656,0.19165,0.16945,0.12848,0.14376,0.094148,0.1005,0.092577,0.11735,0.16581,0.16246,0.13012,0.11406,0.12827,0.12755,0.11849,0.14925,0.17909,0.11235,0.11106,0.12041,0.13098,0.12534,0.077874,0.12406,0.086724,0.048109,0.08544,0.034404,0.11263,0.05803,0.054747,0.069522,0.058887,0.099929,0.12284,0.099858,0.12777,0.099287,0.1035,0.15275,0.21142,0.091578,0.1055,0.11663,0.070879
2.0473,0.12684,0.09943,0.12134,0.15575,0.17916,0.14768,0.13283,0.22777,0.16089,0.089151,0.025268,0.097859,0.05125,0.022556,-0.00049965,0.025768,0.10493,0.09272,0.10778,0.16938,0.11114,0.063098,0.068951,0.10364,0.058887,0.071021,0.027481,0.11299,-0.0092792,-0.03833,0.064883,-0.0017131,-0.043898,0.0202,0.043898,-0.058601,-0.065811,-0.075518,-0.066524,-0.070736,-0.047895,-0.021699,0.020842,-0.049251,-0.0409,-0.024911,-0.03626,-0.071664,-0.066667,-0.065597,-0.09272,-0.1035,-0.071378,-0.054033,-0.050036,-0.070807,-0.068594,-0.086225,-0.094076,-0.087938,-0.10386,-0.07509,-0.072306,-0.076375,-0.084012,-0.084797,-0.084369,-0.076874,-0.097788,-0.086153,-0.082941,-0.090864,-0.1005,-0.085582,-0.12141,-0.099573,-0.080086,-0.081443
2.1084,-0.065382,-0.11363,-0.082656,-0.067167,-0.04611,-0.054676,-0.046753,0.13862,-0.025196,-0.10514,-0.11984,-0.085725,-0.1035,-0.10864,-0.106,-0.13626,-0.11949,-0.10036,-0.092863,-0.033048,-0.087581,-0.12063,-0.11663,-0.12513,-0.15532,-0.13476,-0.12955,-0.098645,-0.13391,-0.13326,-0.11963,-0.12463,-0.11949,-0.10007,-0.087581,-0.082727,-0.088937,-0.063241,-0.067095,-0.053319,-0.057816,-0.092792,-0.084155,-0.065668,-0.062884,-0.066453,-0.064526,-0.080657,-0.092292,-0.12455,-0.086867,-0.082299,-0.086939,-0.078373,-0.073805,-0.056532,-0.062099,-0.064098,-0.025982,-0.055104,-0.034262,-0.065097,-0.025125,-0.02641,-0.040043,-0.046681,-0.061028,-0.079158,-0.073091,-0.083156,-0.069023,-0.056317,-0.10064,-0.14811,-0.067452,-0.067667,-0.076589,-0.054462
2.1695,-0.16281,-0.16959,-0.18194,-0.19743,-0.20064,-0.19079,-0.19079,-0.27695,-0.17388,-0.14804,-0.089722,-0.1277,-0.11085,-0.070664,-0.056746,-0.10093,-0.15411,-0.15411,-0.16617,-0.18787,-0.15796,-0.15396,-0.14825,-0.13762,-0.11913,-0.13191,-0.099501,-0.13283,-0.051678,-0.043327,-0.11342,-0.064383,-0.032406,-0.054747,-0.062456,0.010707,0.0056389,0.0011421,0.0006424,0.015632,-0.0012848,-0.015418,-0.032548,-0.0053534,-0.0089937,-0.0048537,-0.0050679,-0.0036403,0.0033548,-0.0057816,0.016702,0.012991,0.013348,0.0080657,-0.00085654,0.00099929,0.010707,0.031621,0.039329,0.038758,0.037616,0.032548,0.017416,0.028194,0.033334,0.029693,0.022341,0.022841,0.028052,0.017916,0.0079944,0.017059,0.031906,0.011278,0.039472,0.025625,0.0024982,0.010207
2.2306,-0.054319,0.012848,-0.025553,-0.080015,-0.083798,-0.061028,-0.041471,-0.32242,-0.071592,-0.013847,0.022841,-0.025054,0.0019986,0.0080657,0.0202,0.043184,-0.002641,-0.016203,-0.030764,-0.09115,-0.02484,0.020414,-0.0042827,-0.015632,0.024411,0.015275,0.041328,-0.006424,0.03676,0.035475,0.0011421,0.024269,0.027623,0.0067809,-0.0067809,-0.0021413,0.0088509,-0.00028551,0.0042827,-0.016702,-0.016917,-0.0087795,-0.0082799,-0.018701,-0.031264,-0.03005,-0.028765,0.010207,0.01399,0.027266,0.01656,0.029051,0.015846,0.0024982,-0.0034975,-0.013062,0.013062,-0.010421,-0.01449,0.00078516,-0.012348,0.0029979,-0.032763,-0.033619,-0.024625,-0.016274,0.0044968,0.0087081,0.020486,0.0078516,-0.0057816,-0.013062,0.005853,0.047466,0.010564,0.00078516,0.0028551,-0.016203
2.2916,0.16524,0.21356,0.22163,0.18209,0.19393,0.21171,0.22299,0.33212,0.13169,0.17638,0.13583,0.12191,0.12791,0.071878,0.092221,0.16881,0.19094,0.17944,0.17288,0.15603,0.16959,0.19536,0.17566,0.14875,0.15717,0.15318,0.13819,0.097717,0.098216,0.085654,0.10485,0.10414,0.082442,0.054747,0.034618,0.035332,0.03055,0.073305,0.078802,0.048751,0.045397,0.027124,0.010849,0.052249,0.033619,0.019486,0.047324,0.066596,0.057031,0.042399,0.05596,0.069165,0.045968,0.032406,0.034833,0.065097,0.033548,0.040543,0.04404,0.022627,0.035975,-0.02277,0.033405,0.017345,0.011492,0.032691,0.027623,0.044397,0.050893,0.042399,0.048609,0.049893,0.030264,0.030407,0.047752,0.050536,0.052748,0.054319
2.3527,0.19351,0.14318,0.18044,0.22249,0.22384,0.21206,0.17538,0.56424,0.1955,0.16388,0.12184,0.15361,0.14247,0.12234,0.094862,0.094433,0.16167,0.14939,0.16467,0.2177,0.15232,0.13027,0.12712,0.17166,0.14411,0.1369,0.096789,0.14454,0.098573,0.090722,0.13383,0.10985,0.10257,0.11735,0.10642,0.10628,0.10635,0.097859,0.08908,0.11106,0.11799,0.12655,0.1202,0.14254,0.12948,0.12591,0.13469,0.094219,0.094291,0.10578,0.072877,0.076446,0.10079,0.10371,0.10664,0.10471,0.10614,0.094505,0.10871,0.088937,0.092078,0.10678,0.10814,0.11849,0.10535,0.10635,0.096218,0.084369,0.093363,0.10064,0.11021,0.10971,0.11499,0.083013,0.078659,0.10093,0.10293,0.10407
2.4138,-0.10992,-0.25368,-0.1965,-0.11363,-0.12912,-0.17759,-0.23726,-0.26988,-0.040686,-0.1681,-0.15432,-0.074876,-0.12548,-0.052963,-0.099858,-0.2157,-0.20164,-0.17595,-0.16003,-0.055175,-0.16824,-0.23983,-0.2489,-0.097288,-0.16517,-0.1823,-0.1753,-0.039044,-0.1167,-0.14297,-0.075518,-0.1282,-0.10892,-0.0092078,0.013919,-0.058387,-0.063812,-0.13976,-0.15254,-0.1167,-0.083727,-0.011135,0.027052,-0.074305,-0.04454,0.030621,-0.057888,-0.13348,-0.093862,-0.039187,-0.13462,-0.1192,-0.072592,-0.06424,-0.056175,-0.11585,-0.067167,-0.068166,-0.11599,-0.090936,-0.12041,0.01035,-0.078302,-0.079658,-0.036189,-0.09893,-0.081514,-0.083941,-0.11056,-0.0813,-0.13155,-0.097574,-0.064669,-0.035189,-0.11085,-0.10842,-0.12334,-0.10493
2.4748,-0.32399,-0.31464,-0.33112,-0.3823,-0.39044,-0.31549,-0.33533,-0.79994,-0.31842,-0.33041,-0.29094,-0.303,-0.30343,-0.27388,-0.23655,-0.23748,-0.34583,-0.32356,-0.28423,-0.35839,-0.25796,-0.28823,-0.29693,-0.33362,-0.32199,-0.3227,-0.20557,-0.28744,-0.26631,-0.25211,-0.28437,-0.2484,-0.25418,-0.27188,-0.23997,-0.22741,-0.23391,-0.23969,-0.21692,-0.23526,-0.25539,-0.27152,-0.23512,-0.2803,-0.25803,-0.26517,-0.28594,-0.23847,-0.22084,-0.2646,-0.21421,-0.22684,-0.22127,-0.24004,-0.24004,-0.21164,-0.19543,-0.21078,-0.23012,-0.1888,-0.20864,-0.22056,-0.23027,-0.23062,-0.21463,-0.22955,-0.19087,-0.22663,-0.22969,-0.2292,-0.24526,-0.24968,-0.2793,-0.24476,-0.22077,-0.24361,-0.2177,-0.23805
2.5359,0.054247,0.23555,0.18016,0.012777,0.011777,0.13169,0.19422,0.19501,-0.12513,0.13326,0.1182,-0.0024982,0.12277,-0.0045682,0.073448,0.30907,0.15996,0.11064,0.15118,-0.021556,0.18094,0.27138,0.19993,-0.0068523,0.16688,0.15889,0.22862,-0.080443,0.14625,0.13583,-0.035618,0.10343,0.12891,-0.030478,-0.076589,0.10485,0.071806,0.14161,0.22042,0.12905,0.097146,-0.0022127,-0.10528,0.055033,0.00042827,-0.058601,0.047895,0.17031,0.11585,0.044397,0.1818,0.17944,0.11735,0.044611,0.082727,0.20321,0.14418,0.10364,0.14604,0.13305,0.19101,-0.077588,0.13498,0.10978,0.11677,0.1359,0.16603,0.1561,0.18144,0.083298,0.18551,0.17723,0.10864,-0.012563,0.19115,0.16267,0.14597,0.14675
2.597,0.51285,0.50457,0.48009,0.51828,0.53077,0.49065,0.46182,0.99037,0.47003,0.53512,0.48651,0.45111,0.50329,0.44868,0.42841,0.4454,0.55382,0.47117,0.47174,0.506,0.47359,0.4913,0.45282,0.50943,0.54112,0.53819,0.41435,0.41663,0.43441,0.41135,0.4701,0.42948,0.42805,0.43526,0.38052,0.41621,0.41164,0.40386,0.38773,0.41778,0.38259,0.43034,0.36317,0.47117,0.42185,0.44833,0.46574,0.37524,0.4045,0.43384,0.4065,0.3995,0.40914,0.41435,0.41107,0.41035,0.38102,0.38608,0.40907,0.38087,0.3651,0.3883,0.35753,0.37802,0.39636,0.40379,0.37366,0.37424,0.41406,0.40536,0.35661,0.41314,0.48038,0.42734,0.41806,0.37552,0.38023,0.3778
2.6581,0.11399,-0.19772,-0.12206,0.19529,0.17488,-0.055175,-0.16296,-0.034904,0.22998,-0.037045,-0.067024,0.16874,-0.076803,0.15696,0.015346,-0.28708,-0.019558,-0.090365,-0.10735,0.094148,-0.072377,-0.24383,-0.16545,0.1566,-0.084012,-0.094219,-0.19022,0.23426,-0.095076,-0.15139,0.11763,-0.10271,-0.082513,0.13969,0.22734,-0.022841,-0.025768,-0.22356,-0.28066,-0.1611,-0.15368,0.10228,0.24354,-0.035404,0.014704,0.069451,-0.052035,-0.17859,-0.080943,0.093577,-0.1666,-0.24854,-0.035118,0.011706,-0.0409,-0.21763,-0.108,-0.10657,-0.12613,-0.1,-0.28209,0.15767,-0.17552,-0.12634,-0.023983,-0.13719,-0.14461,-0.15111,-0.17031,-0.076946,-0.24818,-0.11913,-0.049251,0.13105,-0.1833,-0.19822,-0.18744,-0.1788
2.7191,-0.69308,-0.61842,-0.6823,-0.67923,-0.69208,-0.67959,-0.64761,-1.0925,-0.5601,-0.7342,-0.68816,-0.64447,-0.69173,-0.61599,-0.64369,-0.57923,-0.75818,-0.70193,-0.68209,-0.66196,-0.67952,-0.65111,-0.63555,-0.64683,-0.7459,-0.75297,-0.63862,-0.54255,-0.66596,-0.64562,-0.61621,-0.64947,-0.65311,-0.58637,-0.54419,-0.62078,-0.60686,-0.54683,-0.51357,-0.58516,-0.61135,-0.57488,-0.4641,-0.6746,-0.60957,-0.58901,-0.64761,-0.56753,-0.61085,-0.59258,-0.57866,-0.56246,-0.61999,-0.62299,-0.62677,-0.55918,-0.60607,-0.60393,-0.57973,-0.57438,-0.52898,-0.57467,-0.56867,-0.58373,-0.59201,-0.56167,-0.60072,-0.60322,-0.60764,-0.6292,-0.56953,-0.61221,-0.70101,-0.63013,-0.59023,-0.59015,-0.60729,-0.58973
2.7802,-0.27174,0.20914,-0.037259,-0.33669,-0.33897,-0.03419,0.10507,-0.11349,-0.49522,-0.086939,-0.057959,-0.26096,-0.12463,-0.31,-0.096361,0.29079,-0.11142,-0.11999,-0.05853,-0.29137,-0.074305,0.16645,0.16139,-0.36467,-0.11221,-0.037402,0.098145,-0.47402,-0.0024982,0.0099216,-0.32677,0.0202,-0.01763,-0.3459,-0.36667,-0.14754,-0.014989,0.23276,0.29786,0.11192,0.0099216,-0.29144,-0.45725,-0.054105,-0.11856,-0.28251,-0.12777,0.16667,0.024768,-0.29715,0.19215,0.2157,-0.050964,-0.048609,-0.073734,0.24383,0.029907,-0.0042827,0.089223,0.13148,0.24204,-0.26695,0.11934,0.066239,-0.15875,0.20957,0.0050679,0.067452,0.076232,-0.08751,0.21413,0.11328,-0.066096,-0.22941,0.18765,0.11463,0.06424,0.11042
2.8413,0.83291,0.8302,0.8559,0.76632,0.77824,0.8302,0.81243,1.0299,0.66053,0.89365,0.87388,0.71771,0.87445,0.77988,0.82492,0.80322,0.92349,0.86375,0.85504,0.74105,0.86346,0.83227,0.82792,0.70208,0.86275,0.88216,0.83512,0.6656,0.85875,0.8529,0.74319,0.84762,0.83277,0.74226,0.54112,0.8115,0.79772,0.77681,0.72841,0.80322,0.80436,0.70914,0.58052,0.82071,0.78245,0.68923,0.8237,0.79144,0.82028,0.74633,0.81221,0.78188,0.82256,0.82128,0.81464,0.76796,0.78602,0.81143,0.81257,0.79815,0.74576,0.75418,0.77738,0.79694,0.79751,0.7853,0.80943,0.8135,0.81685,0.82113,0.80971,0.83384,0.86425,0.77552,0.82256,0.82734,0.80743,0.80607
2.9024,0.44925,-0.020414,0.19422,0.58609,0.55161,0.25246,-0.045968,0.50743,0.68944,0.23448,0.1863,0.54647,0.21349,0.49044,0.31242,-0.13212,0.24518,0.27595,0.20914,0.54212,0.21656,-0.053962,-0.030907,0.66082,0.39394,0.30636,0.00099929,0.64554,0.23127,0.19586,0.50507,0.08858,0.31471,0.49993,0.68031,0.27366,0.25889,-0.11092,-0.21663,0.082585,0.19308,0.48316,0.63427,0.2272,0.34883,0.50786,0.24333,-0.064597,0.25803,0.46018,0.063812,-0.12191,0.15461,0.24411,0.26467,-0.16253,0.035475,0.072948,0.035832,0.041114,-0.17944,0.40921,-0.009065,0.080729,0.22391,-0.053676,0.060172,0.05646,-0.023769,0.24797,0.018915,0.093862,0.2803,0.45668,0.018059,0.16324,-0.0097788,0.048965
2.9634,-0.89187,-0.95504,-0.95454,-0.79387,-0.75168,-0.93527,-0.94548,-0.8751,-0.5322,-0.95283,-1.014,-0.73876,-0.93834,-0.76232,-0.93134,-0.95625,-0.93798,-0.9716,-0.9726,-0.78901,-0.93784,-0.98609,-0.97981,-0.77759,-0.92991,-0.93434,-0.97481,-0.58187,-0.92642,-0.97867,-0.76339,-0.96696,-0.98195,-0.75711,-0.56125,-0.91178,-0.87067,-0.93149,-0.91093,-0.94833,-0.91221,-0.75297,-0.6292,-0.94433,-0.9105,-0.75026,-0.8918,-0.94412,-0.94276,-0.78466,-0.95504,-0.95647,-0.97346,-0.92006,-0.94483,-0.9504,-0.93548,-0.94333,-0.96782,-0.94455,-0.89879,-0.77838,-0.92999,-0.94569,-0.93134,-0.97238,-0.95525,-0.95697,-0.9868,-0.94326,-0.97631,-0.9781,-0.93691,-0.81699,-0.97774,-0.95311,-0.95418,-0.96532
3.0245,-0.68452,-0.15218,-0.35682,-0.77567,-0.79508,-0.35475,-0.18687,-0.75197,-0.96204,-0.4873,-0.32527,-0.75468,-0.48501,-0.78859,-0.5267,-0.050893,-0.59372,-0.46274,-0.38737,-0.71428,-0.54497,-0.11071,-0.1576,-0.81457,-0.57952,-0.57345,-0.2985,-0.9272,-0.58894,-0.3898,-0.7469,-0.45646,-0.39436,-0.7464,-0.86889,-0.51564,-0.58794,-0.085154,-0.076161,-0.32748,-0.46667,-0.7105,-0.80643,-0.409,-0.44569,-0.71114,-0.50065,-0.15303,-0.44683,-0.71171,-0.2878,-0.057459,-0.28387,-0.55946,-0.47909,-0.10143,-0.38937,-0.28237,-0.19586,-0.31942,0.11035,-0.67945,-0.19665,-0.31321,-0.45268,-0.19415,-0.31792,-0.4242,-0.13862,-0.46267,-0.22349,-0.3202,-0.52563,-0.72185,-0.18316,-0.36153,-0.34447,-0.25489
3.0856,0.78851,1.0034,0.9474,0.68509,0.66517,0.93627,0.96175,0.59786,0.32677,0.86989,1.0135,0.63634,0.81343,0.63491,0.89244,1.0211,0.86931,0.94305,0.94383,0.65304,0.90907,1.0169,0.98902,0.69165,0.96054,0.84626,0.96239,0.32627,0.92799,0.94505,0.5611,0.94212,0.97053,0.62377,0.40878,0.91728,0.86096,1.0166,0.99944,0.97117,0.95026,0.72106,0.39765,0.86646,0.85211,0.63705,0.81435,0.99665,0.95133,0.62991,0.99808,1.0318,0.9923,0.93984,0.94276,1.0175,0.97745,0.9372,1.0226,0.98894,1.0232,0.62963,0.9968,0.99929,0.9055,1.0101,0.98837,1.0103,1.0433,0.96996,1.0102,1.0397,0.83191,0.70136,1.0533,0.99051,0.97417,0.98281
3.1467,0.90657,0.36995,0.62078,0.9479,0.94034,0.58459,0.51364,0.90036,1.074,0.73834,0.61185,0.95347,0.79722,0.97531,0.79244,0.36824,0.79965,0.73619,0.6813,0.93291,0.76153,0.51071,0.48866,0.94333,0.70101,0.78951,0.62948,1.0892,0.76539,0.69287,0.99594,0.73048,0.72399,0.96532,1.0353,0.74041,0.76974,0.30172,0.34718,0.59394,0.59986,0.87288,1.0181,0.70743,0.79722,0.94255,0.76617,0.46267,0.67267,0.95882,0.54512,0.34918,0.58245,0.72292,0.67024,0.41913,0.56103,0.67945,0.41678,0.54062,0.3207,0.94291,0.40664,0.49201,0.73298,0.52206,0.5671,0.51528,0.47381,0.64811,0.5192,0.4504,0.82256,0.9357,0.37102,0.57531,0.58195,0.58409
3.2077,-0.54533,-0.90607,-0.84676,-0.39436,-0.42363,-0.8227,-0.87581,-0.28023,-0.18351,-0.65632,-0.86553,-0.42491,-0.66432,-0.40828,-0.71914,-0.94298,-0.7145,-0.81585,-0.78766,-0.35475,-0.76025,-0.92164,-0.89958,-0.46303,-0.69215,-0.6045,-0.88887,-0.15825,-0.84419,-0.79351,-0.43955,-0.78809,-0.86653,-0.3509,-0.18722,-0.79315,-0.75026,-0.96146,-0.96161,-0.85739,-0.77595,-0.33726,-0.15453,-0.69258,-0.72313,-0.42377,-0.71014,-0.88602,-0.81307,-0.44433,-0.94455,-0.95475,-0.81143,-0.80143,-0.80372,-0.95925,-0.83234,-0.87324,-0.90936,-0.86103,-0.96389,-0.35446,-0.91186,-0.85811,-0.81435,-0.93277,-0.83113,-0.9559,-0.93041,-0.80864,-0.85411,-0.92877,-0.73612,-0.32434,-0.93998,-0.92321,-0.84069,-0.89972
3.2688,-1.0199,-0.61371,-0.77317,-1.0506,-1.0505,-0.76582,-0.66275,-0.90872,-1.0922,-0.91907,-0.84426,-1.0411,-0.90079,-1.068,-0.95347,-0.60857,-0.92813,-0.88016,-0.87231,-1.0466,-0.89979,-0.69537,-0.7237,-1.0442,-0.94019,-0.98024,-0.75597,-1.0874,-0.86482,-0.8913,-1.0262,-0.8838,-0.8559,-1.0518,-1.08,-0.907,-0.908,-0.57581,-0.49372,-0.7858,-0.86682,-1.0475,-1.069,-0.88566,-0.91528,-1.019,-0.86225,-0.70907,-0.85183,-1.0313,-0.69822,-0.61913,-0.86261,-0.89594,-0.87281,-0.61899,-0.80215,-0.79672,-0.70964,-0.78716,-0.59123,-1.0515,-0.65804,-0.76532,-0.84719,-0.72092,-0.85204,-0.69251,-0.7504,-0.86546,-0.80036,-0.73784,-0.93248,-1.0919,-0.72877,-0.73926,-0.82463,-0.77395
3.3299,0.21656,0.68452,0.47831,-0.039258,0.059601,0.46895,0.63891,-0.2449,-0.2212,0.27395,0.51856,0.047395,0.26153,0.036117,0.46239,0.71143,0.40479,0.51678,0.504,-0.088937,0.51821,0.70129,0.7025,0.015275,0.32734,0.38666,0.64076,-0.23262,0.51435,0.5913,0.028765,0.55903,0.57559,-0.057103,-0.19343,0.47031,0.47131,0.73077,0.75361,0.67481,0.55753,0.018201,-0.14775,0.32548,0.44147,-0.059458,0.32548,0.69151,0.55375,0.091721,0.70572,0.64454,0.51242,0.50093,0.55104,0.71549,0.53891,0.5711,0.73013,0.66467,0.74455,0.05075,0.6317,0.67881,0.53534,0.72727,0.61014,0.57816,0.67217,0.53891,0.67517,0.64148,0.34233,0.041042,0.6534,0.63962,0.62963,0.62906
3.3909,0.96596,0.79915,0.90979,1.0228,1.0242,0.90593,0.8065,0.76796,0.99744,0.99059,0.97031,1.0033,0.9756,1.0356,0.95176,0.79651,0.99658,0.9484,0.92128,0.98959,0.93563,0.8347,0.81071,1.0503,1.0216,0.98088,0.86468,0.99658,0.97717,0.92014,1.0179,0.93898,0.95254,1.022,0.97702,0.96032,0.95047,0.78452,0.74747,0.86382,0.91264,0.99958,0.97046,0.96568,0.94833,1.0168,0.97103,0.82135,0.92492,1.0194,0.83505,0.86425,0.94448,0.95847,0.94333,0.82335,0.91286,0.91764,0.8297,0.85625,0.77767,1.024,0.86282,0.85218,0.94105,0.82984,0.90322,0.91421,0.8938,0.93855,0.8741,0.90058,1.0286,1.0411,0.90486,0.90579,0.88973,0.89672
3.452,0.27545,-0.26688,-0.17795,0.37566,0.34733,-0.039258,-0.2464,0.5696,0.61842,0.088937,-0.11713,0.36717,0.088866,0.3484,0.17302,-0.44262,0.034547,-0.085725,0.069808,0.43419,0.076446,-0.39515,-0.24004,0.39536,0.0029265,0.045825,-0.044183,0.56053,-0.21049,-0.15618,0.43505,0.010493,-0.20386,0.35889,0.47045,0.06938,0.094148,-0.27895,-0.43184,-0.25418,-0.18194,0.26867,0.53434,0.11121,0.19515,0.3449,0.11106,-0.29201,0.015275,0.21777,-0.29672,-0.30179,-0.035832,0.075589,0.14318,-0.45625,-0.065597,0.15717,-0.30064,0.037045,-0.41157,0.41485,-0.29365,-0.31135,0.14397,-0.31713,0.024054,-0.27809,-0.34369,0.039758,-0.34276,-0.35297,0.013633,0.40529,-0.33212,-0.2489,-0.060029,-0.26196
3.5131,-0.83455,-0.82913,-0.84312,-0.81664,-0.81592,-0.84983,-0.81849,-0.49958,-0.67624,-0.88723,-0.87467,-0.79851,-0.88288,-0.85126,-0.86967,-0.83598,-0.93263,-0.85932,-0.87253,-0.75911,-0.87424,-0.84576,-0.85054,-0.82742,-0.92221,-0.90579,-0.87881,-0.71835,-0.88152,-0.85711,-0.77974,-0.89572,-0.88102,-0.82042,-0.75026,-0.89109,-0.86639,-0.84726,-0.82292,-0.86489,-0.84555,-0.8317,-0.69401,-0.88238,-0.8454,-0.81728,-0.87595,-0.84883,-0.8868,-0.86632,-0.85961,-0.85975,-0.87588,-0.89173,-0.86517,-0.84854,-0.86774,-0.86125,-0.86032,-0.86824,-0.83712,-0.78045,-0.82385,-0.84526,-0.86596,-0.86425,-0.86617,-0.87296,-0.87353,-0.89801,-0.86468,-0.87517,-0.93919,-0.80957,-0.87281,-0.86596,-0.88623,-0.86682
3.5742,-0.59472,-0.13134,-0.40322,-0.71521,-0.69865,-0.44597,-0.33434,-0.7756,-0.74012,-0.51535,-0.26124,-0.73041,-0.4661,-0.69208,-0.57567,-0.021984,-0.5085,-0.52227,-0.42142,-0.63862,-0.52106,-0.06938,-0.3202,-0.69822,-0.46981,-0.45568,-0.40957,-0.804,-0.50179,-0.41328,-0.68766,-0.5085,-0.40543,-0.69387,-0.77367,-0.54576,-0.5202,-0.03676,0.009065,-0.099358,-0.44583,-0.63662,-0.78252,-0.45218,-0.54526,-0.56303,-0.46788,-0.2681,-0.50115,-0.6322,-0.13683,-0.035261,-0.46688,-0.42877,-0.46681,-0.037402,-0.36203,-0.47866,-0.13962,-0.35875,0.051464,-0.66632,-0.29772,-0.31535,-0.50172,-0.11492,-0.35768,-0.37045,-0.10107,-0.41342,-0.36696,-0.3404,-0.46453,-0.71271,-0.12156,-0.4302,-0.44169,-0.35061
3.6352,0.55568,0.6691,0.67417,0.42898,0.43898,0.64033,0.68723,0.09686,0.37081,0.61043,0.63462,0.38915,0.63791,0.4696,0.58737,0.73348,0.6419,0.60864,0.68088,0.48794,0.62199,0.71785,0.71364,0.47531,0.66474,0.67003,0.66988,0.28972,0.64619,0.68937,0.44047,0.64797,0.70215,0.44005,0.31335,0.59137,0.59587,0.69965,0.71307,0.67681,0.63862,0.47652,0.27659,0.6337,0.56539,0.55068,0.62185,0.72413,0.61064,0.50429,0.67431,0.70971,0.64447,0.66988,0.6469,0.71549,0.68302,0.60329,0.66082,0.66282,0.72948,0.45161,0.70293,0.69294,0.6,0.68537,0.68616,0.68987,0.69715,0.67167,0.7085,0.71221,0.66203,0.43876,0.70079,0.66703,0.66446,0.67724
3.6963,0.7873,0.63312,0.71978,0.82392,0.82627,0.71785,0.64997,0.75732,0.84676,0.75325,0.71385,0.82256,0.77924,0.83655,0.74654,0.56089,0.75275,0.69301,0.72228,0.82849,0.77667,0.62356,0.66289,0.84198,0.76696,0.74462,0.67488,0.86196,0.71806,0.73113,0.82749,0.75775,0.73127,0.83377,0.83027,0.71685,0.74405,0.58459,0.57409,0.58152,0.72056,0.80122,0.82549,0.70714,0.7419,0.79123,0.7429,0.62592,0.71971,0.82149,0.61557,0.56303,0.69572,0.74255,0.70365,0.54005,0.64697,0.68002,0.63077,0.64376,0.56275,0.7933,0.58766,0.67074,0.71871,0.59037,0.61799,0.71335,0.58245,0.72692,0.61578,0.68573,0.73962,0.80879,0.61278,0.71235,0.66003,0.65054
3.7574,-0.14347,-0.38737,-0.30885,-0.044611,-0.052177,-0.29772,-0.40386,0.17409,0.10942,-0.25803,-0.35346,-0.048038,-0.19158,-0.052035,-0.25732,-0.53783,-0.26267,-0.37552,-0.31235,-0.049822,-0.2414,-0.46339,-0.41078,-0.017845,-0.24576,-0.2768,-0.40707,0.15475,-0.31956,-0.29693,0.0054247,-0.27552,-0.31927,0.010278,0.050679,-0.29087,-0.22199,-0.4434,-0.43683,-0.4454,-0.24832,-0.03419,0.18144,-0.26082,-0.21014,-0.046039,-0.196,-0.41649,-0.29465,-0.016131,-0.41085,-0.47652,-0.35011,-0.22884,-0.28887,-0.51299,-0.39272,-0.33484,-0.39237,-0.38373,-0.4631,-0.0409,-0.42313,-0.32677,-0.27159,-0.44062,-0.41007,-0.30464,-0.45989,-0.29922,-0.45732,-0.35354,-0.26624,-0.096361,-0.44404,-0.30728,-0.39701,-0.37167
3.8185,-0.78773,-0.74911,-0.80807,-0.78302,-0.79073,-0.78223,-0.78188,-0.56389,-0.7494,-0.8232,-0.80465,-0.78644,-0.82684,-0.78959,-0.79108,-0.77802,-0.82756,-0.79701,-0.80743,-0.79066,-0.81228,-0.78131,-0.81114,-0.78188,-0.81835,-0.82235,-0.80593,-0.74447,-0.80265,-0.78238,-0.77959,-0.80615,-0.78851,-0.77374,-0.68459,-0.76296,-0.76639,-0.70593,-0.7297,-0.73962,-0.74676,-0.75361,-0.69779,-0.77103,-0.76539,-0.73898,-0.77253,-0.73305,-0.77174,-0.75932,-0.75325,-0.73569,-0.76689,-0.77481,-0.76639,-0.72078,-0.76617,-0.75582,-0.75397,-0.76439,-0.71278,-0.76432,-0.72977,-0.75397,-0.75875,-0.73612,-0.76782,-0.77574,-0.7671,-0.78445,-0.73641,-0.76646,-0.80586,-0.78944,-0.76417,-0.7469,-0.77452,-0.76967
3.8795,-0.16289,0.1783,-0.050393,-0.37067,-0.30942,-0.074162,0.10214,-0.4217,-0.4399,-0.12106,-0.045111,-0.36503,-0.13291,-0.29422,-0.1227,0.1651,-0.10493,-0.061242,0.0083512,-0.38202,-0.1606,0.12698,0.066239,-0.41228,-0.21984,-0.16246,0.027052,-0.45425,-0.056317,-0.063741,-0.33605,-0.043826,-0.067167,-0.33733,-0.50778,-0.071378,-0.1394,0.20707,0.13519,0.030336,-0.022912,-0.3277,-0.47566,-0.12705,-0.09529,-0.34176,-0.12356,0.13241,-0.042541,-0.28758,0.062456,0.14818,-0.056532,-0.057031,-0.034833,0.18608,-0.07045,0.034404,0.060529,0.027195,0.20621,-0.25403,0.11628,0.013134,-0.11542,0.13391,0.015061,-0.015989,0.05646,-0.064669,0.17609,0.11606,-0.1364,-0.31414,0.09736,0.12027,-0.009065,0.0084226
3.9406,0.62641,0.74769,0.74804,0.60564,0.59108,0.70529,0.75682,0.31635,0.42863,0.71107,0.73948,0.58651,0.70921,0.57688,0.62563,0.76432,0.68887,0.68009,0.70686,0.60529,0.69344,0.76582,0.75818,0.58958,0.68066,0.7015,0.74997,0.48501,0.67988,0.68744,0.58966,0.69986,0.67838,0.57816,0.45789,0.62499,0.62242,0.71485,0.71093,0.64861,0.65639,0.55654,0.47431,0.66717,0.60407,0.5601,0.65018,0.71021,0.66403,0.55832,0.6893,0.714,0.66182,0.6544,0.66239,0.71749,0.66489,0.6671,0.69394,0.69337,0.72249,0.55375,0.71007,0.67745,0.60907,0.70928,0.68823,0.67431,0.71407,0.67067,0.72006,0.70336,0.68387,0.58751,0.71243,0.7095,0.69223,0.67617
4.0017,0.41963,0.12284,0.23776,0.55646,0.58095,0.32755,0.22805,0.41349,0.68016,0.4257,0.23369,0.58894,0.44897,0.56696,0.4287,0.095575,0.45539,0.38002,0.34825,0.58816,0.3681,0.15339,0.20064,0.58159,0.43062,0.46046,0.24633,0.66817,0.3227,0.31456,0.5621,0.30843,0.30571,0.54497,0.6409,0.3419,0.34197,0.14611,0.095004,0.25875,0.25396,0.52349,0.60457,0.36546,0.36574,0.51535,0.41499,0.17588,0.32249,0.52177,0.21206,0.16888,0.33348,0.31642,0.30593,0.11863,0.30785,0.29144,0.18466,0.23505,0.15403,0.5207,0.15054,0.2394,0.39337,0.18937,0.27224,0.31364,0.17602,0.31306,0.21663,0.25532,0.42306,0.56546,0.23433,0.23169,0.29215,0.29115
4.0627,-0.3576,-0.55654,-0.501,-0.33234,-0.32927,-0.51421,-0.58523,-0.094362,-0.11071,-0.46974,-0.52848,-0.3025,-0.4267,-0.29465,-0.41406,-0.67952,-0.4419,-0.39829,-0.51799,-0.33462,-0.51592,-0.5681,-0.59458,-0.33248,-0.50207,-0.45068,-0.54483,-0.11599,-0.46046,-0.45068,-0.26631,-0.4803,-0.44818,-0.28537,-0.14062,-0.39551,-0.39386,-0.54719,-0.54183,-0.41978,-0.43933,-0.32334,-0.13776,-0.43448,-0.35975,-0.27595,-0.39722,-0.53298,-0.42648,-0.26724,-0.49736,-0.57459,-0.46175,-0.39508,-0.4454,-0.53876,-0.50165,-0.41556,-0.50878,-0.47267,-0.56689,-0.25225,-0.49479,-0.49351,-0.36524,-0.49879,-0.4716,-0.53348,-0.53648,-0.46503,-0.52798,-0.54354,-0.40578,-0.31992,-0.51706,-0.48723,-0.48016,-0.50921
4.1238,-0.51464,-0.37581,-0.4444,-0.6035,-0.60771,-0.44297,-0.38594,-0.29358,-0.65361,-0.55133,-0.41699,-0.64083,-0.59501,-0.61485,-0.49115,-0.1843,-0.5439,-0.50607,-0.45525,-0.64747,-0.44326,-0.37973,-0.35275,-0.59686,-0.49451,-0.55211,-0.41021,-0.66325,-0.44554,-0.45639,-0.63541,-0.43062,-0.41842,-0.60422,-0.63255,-0.42848,-0.43048,-0.26588,-0.28551,-0.39808,-0.39337,-0.54926,-0.61985,-0.47652,-0.4716,-0.55789,-0.51078,-0.32263,-0.43512,-0.56453,-0.34197,-0.25168,-0.41571,-0.4469,-0.42627,-0.31606,-0.37452,-0.44825,-0.34319,-0.39479,-0.27359,-0.57081,-0.35875,-0.3504,-0.46731,-0.3479,-0.41471,-0.33348,-0.3297,-0.41828,-0.38644,-0.34961,-0.55247,-0.59487,-0.38144,-0.40264,-0.43127,-0.36888
4.1849,0.07252,0.32156,0.26888,0.044183,0.055604,0.22227,0.29458,-0.034404,-0.072877,0.21256,0.26645,0.081728,0.23176,0.042827,0.13719,0.38173,0.21927,0.1444,0.26103,0.040471,0.2282,0.35967,0.34647,0.097003,0.2287,0.18715,0.30007,-0.060529,0.14761,0.2469,0.1005,0.2167,0.22056,0.024697,-0.044968,0.13262,0.16909,0.33262,0.33112,0.20314,0.17159,0.0039258,-0.071592,0.19465,0.11221,0.059886,0.21942,0.25068,0.19072,0.052963,0.25354,0.32763,0.27324,0.13333,0.19629,0.32877,0.29244,0.18301,0.23883,0.23184,0.34133,-0.0033548,0.26082,0.19879,0.19422,0.30914,0.23983,0.25296,0.24804,0.15946,0.33526,0.29907,0.21728,-0.0043541,0.31135,0.26274,0.25796,0.29443
4.246,0.46196,0.38737,0.42056,0.49522,0.50693,0.46274,0.44604,0.11977,0.49772,0.49322,0.41542,0.53891,0.51449,0.49893,0.43619,0.3808,0.46317,0.45575,0.43698,0.55268,0.45504,0.37288,0.39308,0.49044,0.4489,0.50043,0.4095,0.50272,0.43769,0.37195,0.49572,0.40693,0.37317,0.47495,0.48423,0.38194,0.35268,0.2666,0.28359,0.32998,0.34918,0.44818,0.45561,0.40314,0.38123,0.41042,0.40443,0.36025,0.37759,0.41985,0.31813,0.29065,0.33234,0.39936,0.38444,0.30229,0.33091,0.37566,0.34404,0.35882,0.27266,0.43034,0.32256,0.36389,0.35075,0.31028,0.35061,0.34568,0.36067,0.41135,0.34847,0.35025,0.44611,0.49194,0.32898,0.3701,0.38387,0.33205
4.307,0.11699,-0.13519,-0.078445,0.16146,0.1207,-0.068951,-0.15582,0.10314,0.21842,0.0067809,-0.015775,0.086368,-0.0094219,0.11742,0.022698,-0.18708,-0.021556,-0.021057,-0.0065668,0.16553,-0.033476,-0.11877,-0.13091,0.12655,-0.011635,-0.056532,-0.13512,0.19708,0.02591,-0.016417,0.091578,-0.057317,0.018558,0.10021,0.16895,0.022627,0.022698,-0.11071,-0.13391,-0.047038,-0.02434,0.086939,0.14097,-0.0029265,0.031621,0.12948,-0.023127,-0.1237,-0.050179,0.098288,-0.062956,-0.1162,-0.062456,-0.022556,-0.00057103,-0.15475,-0.061314,-0.024697,-0.038116,-0.069237,-0.14019,0.10607,-0.06217,-0.059958,-0.00207,-0.099287,-0.079373,-0.026339,-0.074305,-0.020557,-0.11185,-0.098002,-0.0072806,0.098431,-0.094719,-0.076375,-0.069808,-0.068809
4.3681,-0.29151,-0.28202,-0.29286,-0.28187,-0.2893,-0.31935,-0.30636,0.025482,-0.26588,-0.33291,-0.29008,-0.3394,-0.35475,-0.28815,-0.28751,-0.27866,-0.30136,-0.28202,-0.31992,-0.34269,-0.30957,-0.29322,-0.28466,-0.28815,-0.29329,-0.30721,-0.27823,-0.28273,-0.26995,-0.24804,-0.29822,-0.24504,-0.23433,-0.27416,-0.27109,-0.19929,-0.2,-0.16952,-0.16096,-0.16446,-0.18237,-0.2369,-0.24211,-0.22356,-0.19108,-0.20935,-0.23348,-0.19001,-0.20942,-0.20036,-0.1828,-0.17695,-0.21142,-0.19922,-0.22156,-0.16495,-0.21042,-0.19308,-0.1828,-0.19807,-0.17523,-0.20714,-0.19543,-0.18901,-0.19015,-0.18323,-0.22327,-0.2085,-0.20578,-0.23748,-0.2369,-0.23569,-0.26817,-0.27688,-0.20864,-0.22448,-0.22912,-0.20871
4.4292,-0.14797,-0.014918,-0.082085,-0.18287,-0.17588,-0.062385,-0.037973,-0.065882,-0.22927,-0.089508,-0.092792,-0.1434,-0.0606,-0.15368,-0.11399,0.015061,-0.092863,-0.07459,-0.072092,-0.17224,-0.089937,-0.024411,0.0080657,-0.1464,-0.063527,-0.044112,-0.011206,-0.16595,-0.084012,-0.056674,-0.12348,-0.029907,-0.043398,-0.092149,-0.11585,-0.074162,-0.068523,0.0022841,-0.0047823,-0.077945,-0.058601,-0.077017,-0.12406,-0.062599,-0.091864,-0.108,-0.045539,0.0099216,-0.052106,-0.097003,-0.056389,-0.011563,-0.034404,-0.066382,-0.059601,0.014561,-0.0076375,-0.071021,-0.050179,-0.043041,0.014133,-0.11792,-0.012634,-0.039544,-0.092221,-0.014775,-0.03783,-0.043826,-0.027052,-0.05696,0.0027124,-0.016631,-0.048252,-0.12884,-0.020057,-0.019843,-0.021628,-0.017202
4.4903,0.089437,0.13326,0.13212,0.077231,0.088794,0.16453,0.16738,-0.10443,0.044968,0.13391,0.11863,0.13162,0.16952,0.095004,0.11506,0.14804,0.10764,0.11706,0.15475,0.13826,0.14276,0.12812,0.13533,0.076018,0.081657,0.12256,0.1272,0.084012,0.076446,0.073377,0.088366,0.076375,0.048823,0.082228,0.085154,0.0027837,0.0032834,0.0078516,0.014276,-0.0055675,0.00035689,0.041114,0.046253,0.02177,0.0074947,0.0091364,0.04247,0.035618,0.027195,-0.0093505,-0.0019272,0.01349,0.026124,0.012777,0.018915,0.021128,0.023555,0.022984,-0.0064954,0.02384,0.0099929,-0.0039972,0.0019272,0.010421,-0.0045682,0.0094933,0.03626,0.033048,0.036117,0.053748,0.064954,0.068309,0.069594,0.067024,0.047681,0.044968,0.059458,0.038187
4.5513,0.099573,0.069736,0.083298,0.1172,0.12563,0.10278,0.089651,-0.018201,0.11385,0.090436,0.10021,0.1035,0.068737,0.097859,0.080015,0.046324,0.10407,0.090008,0.072377,0.11385,0.091435,0.055818,0.055889,0.079016,0.063312,0.04297,0.032192,0.072306,0.061314,0.045539,0.038187,0.031335,0.029051,0.022627,0.031478,0.018344,0.016131,0.015275,0.016631,0.044469,0.025054,0.0018558,0.015275,0.015204,0.016845,0.015275,0.005853,0.0091364,0.016845,0.025625,0.026695,0.023912,0.011992,0.012277,0.0049965,0.0055675,0.00085654,0.01399,0.036046,0.011777,0.014276,0.010778,0.0024269,0.017345,0.020271,0.034047,0.0096361,0.025339,0.038259,0.021057,0.01763,0.021057,0.032691,0.03783,0.030907,0.018273,0.0064954,0.01449
4.6124,0.055318,-0.0048537,0.014633,0.069594,0.05803,0.0030693,-0.0197,0.10871,0.052534,0.019486,0.024483,0.010278,-0.023698,0.037973,0.029765,-0.0079944,0.04247,0.038972,0.0072806,-0.0077802,0.010635,0.013776,0.0017131,0.067881,0.05439,0.02434,0.021199,0.030621,0.067238,0.080657,0.035332,0.060243,0.1035,0.042113,0.02177,0.13469,0.13583,0.11877,0.11435,0.13969,0.13762,0.079587,0.045968,0.10757,0.13576,0.10457,0.083941,0.10999,0.11528,0.13027,0.13112,0.12441,0.1152,0.13148,0.11313,0.1025,0.104,0.12484,0.15218,0.11842,0.11142,0.11178,0.13205,0.13783,0.1434,0.12199,0.10535,0.10871,0.10007,0.087224,0.060172,0.081514,0.076303,0.058958,0.081871,0.097574,0.06938,0.10236
4.6735,-0.0052106,-0.040828,-0.036617,-0.0089223,-0.015989,-0.056888,-0.060315,0.064954,0.0012848,-0.025768,-0.035618,-0.0088509,-0.015204,0.0098502,0.0049251,-0.035047,-0.016203,-0.020628,-0.020842,-0.024911,-0.016774,-0.021199,-0.015204,0.034404,0.0089937,0.02591,0.019915,0.046039,0.014775,0.025196,0.05903,0.049608,0.055461,0.071093,0.075233,0.071235,0.087224,0.04918,0.049536,0.02898,0.078159,0.095932,0.097645,0.069879,0.080729,0.097859,0.089294,0.058744,0.068809,0.10207,0.030978,0.028908,0.066382,0.093791,0.090079,0.034119,0.061385,0.067167,0.038116,0.058316,0.042827,0.10093,0.058673,0.072163,0.079158,0.049037,0.057959,0.067452,0.010421,0.053105,0.03883,0.04818,0.05282,0.063598,0.034047,0.064454,0.058459,0.047966
4.7345,-0.11178,-0.087153,-0.092435,-0.10907,-0.087724,-0.083227,-0.066025,-0.053962,-0.088223,-0.08651,-0.099073,-0.05075,-0.045896,-0.080015,-0.086153,-0.073234,-0.11064,-0.09943,-0.064098,-0.047466,-0.078516,-0.089365,-0.088366,-0.092649,-0.11064,-0.081228,-0.10343,-0.04818,-0.12991,-0.12841,-0.057888,-0.11956,-0.14804,-0.062527,-0.047466,-0.1606,-0.1651,-0.16495,-0.16538,-0.20157,-0.16867,-0.082799,-0.039329,-0.13755,-0.15382,-0.10093,-0.10407,-0.15289,-0.15832,-0.1262,-0.19486,-0.1838,-0.16153,-0.15939,-0.15974,-0.16781,-0.15353,-0.17166,-0.18123,-0.16995,-0.18144,-0.11356,-0.17088,-0.17723,-0.17031,-0.18323,-0.16203,-0.15375,-0.17859,-0.1202,-0.12491,-0.1262,-0.11699,-0.084298,-0.15518,-0.13319,-0.12605,-0.14918
4.7956,-0.077731,-0.0072092,-0.039115,-0.079872,-0.075732,-0.020486,0.0070664,-0.082014,-0.075589,-0.037902,-0.04611,-0.058816,-0.043898,-0.082656,-0.083013,-0.0197,-0.064454,-0.064526,-0.049394,-0.05125,-0.054176,-0.043327,-0.046324,-0.11842,-0.093791,-0.083655,-0.0813,-0.12006,-0.098216,-0.10607,-0.1192,-0.11849,-0.13391,-0.13341,-0.13027,-0.15282,-0.16467,-0.10378,-0.11478,-0.13298,-0.14911,-0.15225,-0.14854,-0.13519,-0.16417,-0.16731,-0.13548,-0.104,-0.13962,-0.16945,-0.13598,-0.10571,-0.15346,-0.16253,-0.15453,-0.10478,-0.14668,-0.1349,-0.14247,-0.13876,-0.10393,-0.17902,-0.1349,-0.16381,-0.18408,-0.11992,-0.13926,-0.12698,-0.11292,-0.13812,-0.08858,-0.10692,-0.12263,-0.13119,-0.11856,-0.11192,-0.13148,-0.13391
4.8567,0.084869,0.096503,0.093077,0.065026,0.07352,0.080871,0.072877,-0.025411,0.049394,0.074091,0.097146,0.031264,0.046039,0.038187,0.06731,0.0813,0.093149,0.084583,0.06681,0.036189,0.054676,0.092292,0.097859,0.056103,0.069879,0.05489,0.079801,0.022912,0.10578,0.088295,0.040686,0.08751,0.094219,0.018201,-0.010564,0.11092,0.098002,0.13769,0.12805,0.13933,0.11399,0.025054,-0.014133,0.07145,0.097859,0.031192,0.06524,0.12113,0.12084,0.070664,0.14211,0.1419,0.10336,0.11963,0.1217,0.13333,0.10236,0.12962,0.15796,0.12384,0.15168,0.055746,0.12448,0.12534,0.10692,0.14932,0.11406,0.11485,0.13034,0.082727,0.102,0.10086,0.058744,0.031906,0.1157,0.12341,0.082513,0.10371
4.9178,0.11535,0.053748,0.074447,0.11228,0.11363,0.053534,0.032763,0.041899,0.1035,0.071021,0.08544,0.079373,0.061599,0.101,0.10307,0.046253,0.11206,0.11342,0.087367,0.070807,0.092863,0.069308,0.081585,0.13933,0.11228,0.10107,0.092506,0.11942,0.13219,0.12605,0.12163,0.1369,0.16267,0.12513,0.11392,0.1788,0.18244,0.16495,0.13626,0.17909,0.17702,0.14661,0.13298,0.15039,0.1793,0.1636,0.14276,0.14276,0.16952,0.17952,0.16417,0.14725,0.18123,0.18615,0.17873,0.14897,0.15639,0.18009,0.16517,0.16774,0.16239,0.1818,0.17024,0.18444,0.19907,0.16545,0.16346,0.17423,0.14618,0.16074,0.12905,0.1389,0.13562,0.13705,0.15639,0.15439,0.15168,0.15646
4.9788,-0.011206,-0.035332,-0.04711,-0.0064954,-0.010635,-0.03676,-0.036617,0.072948,0.020771,-0.019486,-0.042185,0.012277,-0.0017845,0.01863,0.0060671,-0.03469,-0.019343,-0.012491,-0.0080657,0.0032834,-0.0097788,-0.03005,-0.029836,0.0065668,-0.011064,-0.00057103,-0.024197,0.03005,-0.02277,-0.02277,0.028837,-0.0015703,-0.015418,0.052392,0.063598,-0.0045682,0.0037117,-0.04404,-0.043612,-0.02798,-0.014204,0.049037,0.072377,0.0072806,0.011492,0.041328,0.022912,-0.017845,-0.012134,0.030264,-0.035975,-0.043469,-0.013847,-0.010921,-0.01606,-0.033119,0.00035689,-0.01656,-0.047966,-0.031549,-0.051392,0.049536,-0.032049,-0.020129,0.013419,-0.044469,-0.0042113,-0.020771,-0.046967,0.0070664,-0.00028551,-0.0066382,0.027623,0.047895,-0.021342,-0.016346,0.0018558,0.0036403
5.0399,-0.092792,-0.065739,-0.077088,-0.093006,-0.089009,-0.0404,-0.03055,0.031335,-0.0606,-0.056603,-0.08751,-0.036189,-0.033833,-0.06474,-0.067881,-0.041114,-0.089009,-0.073377,-0.070165,-0.045254,-0.07352,-0.06888,-0.069522,-0.10021,-0.08908,-0.072948,-0.067667,-0.060886,-0.096218,-0.10086,-0.068523,-0.10386,-0.12648,-0.059173,-0.045825,-0.13797,-0.13576,-0.11263,-0.1227,-0.15639,-0.14868,-0.085582,-0.051107,-0.11135,-0.12734,-0.094433,-0.089223,-0.11849,-0.12598,-0.12149,-0.14411,-0.13012,-0.13134,-0.14361,-0.13555,-0.11021,-0.11092,-0.13241,-0.15311,-0.13826,-0.13134,-0.11378,-0.14247,-0.15346,-0.14668,-0.14804,-0.11399,-0.13819,-0.12905,-0.12141,-0.086011,-0.10821,-0.089722,-0.087153,-0.13112,-0.12527,-0.11378,-0.12648
5.101,-0.061742,-0.030835,-0.021556,-0.051606,-0.052035,-0.02691,-0.016131,-0.094291,-0.059744,-0.031264,-0.029551,-0.044897,-0.040614,-0.063527,-0.057031,-0.022056,-0.044326,-0.061814,-0.046753,-0.036189,-0.050036,-0.047895,-0.035475,-0.059387,-0.051606,-0.047252,-0.049465,-0.081443,-0.048394,-0.065953,-0.076446,-0.079016,-0.075233,-0.090079,-0.08651,-0.096004,-0.098216,-0.078445,-0.068095,-0.086082,-0.089794,-0.10278,-0.10621,-0.089508,-0.10757,-0.10707,-0.097074,-0.073876,-0.079729,-0.10857,-0.062956,-0.052463,-0.076232,-0.086867,-0.083798,-0.067381,-0.078516,-0.086153,-0.058173,-0.073948,-0.052392,-0.11114,-0.084583,-0.074662,-0.10036,-0.077017,-0.085797,-0.059315,-0.047038,-0.090722,-0.07716,-0.074233,-0.093363,-0.087438,-0.070879,-0.084369,-0.086582,-0.083298
5.1621,0.019772,0.0089223,0.025054,0.021128,0.019486,-0.00057103,-0.0052106,-0.096932,-0.0068523,0.0051392,0.036046,-0.014561,-0.028908,-0.0044968,-0.0079944,-0.0012134,0.034833,0.010849,-0.0085654,-0.024054,0.0038544,0.0063527,0.0059958,0.024483,0.029479,0.0013562,0.003783,-0.016702,0.025696,0.030407,-0.016203,0.020628,0.042827,-0.029836,-0.054676,0.045397,0.045111,0.06217,0.052392,0.077088,0.046824,-0.026196,-0.042185,0.024054,0.026481,-0.0061385,0.0098502,0.021199,0.034547,0.023769,0.078088,0.054533,0.052891,0.038045,0.051606,0.040828,0.048323,0.045968,0.082513,0.039044,0.056674,0.0093505,0.053034,0.050179,0.067024,0.077445,0.035047,0.053605,0.049822,0.017059,0.013062,0.031692,0.012563,-0.015204,0.059886,0.0409,0.036617,0.046253
5.2231,0.097788,0.087724,0.074233,0.07823,0.071878,0.057531,0.048965,0.093291,0.06631,0.061171,0.082228,0.042185,0.043184,0.06524,0.089722,0.066953,0.083298,0.096575,0.084512,0.040757,0.079658,0.097074,0.10036,0.085083,0.086439,0.078302,0.090365,0.071878,0.097431,0.10193,0.087296,0.11999,0.12634,0.092577,0.072306,0.14918,0.15004,0.14604,0.1449,0.15039,0.1556,0.10528,0.083013,0.1257,0.14732,0.12234,0.12377,0.13055,0.12969,0.12406,0.13826,0.13105,0.13676,0.14097,0.12855,0.14026,0.1349,0.13326,0.14076,0.13212,0.12484,0.13348,0.14261,0.15161,0.15132,0.12912,0.12984,0.1212,0.12727,0.13483,0.13205,0.13076,0.11956,0.10321,0.12834,0.14483,0.13226,0.14047
5.2842,0.071664,0.050179,0.052463,0.055604,0.061956,0.066596,0.066239,0.15468,0.077731,0.06681,0.060886,0.085797,0.087581,0.079515,0.080586,0.073805,0.039401,0.067524,0.094576,0.085083,0.080015,0.069736,0.075304,0.065739,0.063883,0.085511,0.071021,0.091507,0.06524,0.078516,0.1,0.073305,0.080372,0.11428,0.11663,0.068594,0.084655,0.056746,0.04454,0.022841,0.059529,0.11378,0.1232,0.08444,0.078873,0.11528,0.096575,0.061814,0.053891,0.074305,0.02434,0.0404,0.057888,0.051963,0.075375,0.03212,0.078587,0.062099,0.029907,0.055532,0.039258,0.082513,0.062385,0.048252,0.043112,0.023912,0.063098,0.06474,0.047466,0.077231,0.081657,0.078802,0.082513,0.09322,0.045539,0.065311,0.077588,0.053034
5.3453,-0.07873,-0.10357,-0.084655,-0.047181,-0.054319,-0.069451,-0.067809,-0.060957,-0.02434,-0.045468,-0.088723,-0.01606,-0.012491,-0.040543,-0.076803,-0.086582,-0.084012,-0.096503,-0.0606,-0.0014989,-0.07509,-0.10792,-0.10121,-0.062813,-0.088723,-0.079301,-0.10857,-0.021128,-0.083013,-0.1172,-0.046824,-0.11428,-0.11999,-0.039544,-0.010564,-0.13305,-0.13455,-0.17573,-0.16924,-0.17295,-0.15339,-0.06631,-0.039472,-0.10543,-0.13276,-0.073163,-0.10357,-0.14383,-0.1379,-0.10564,-0.15932,-0.15503,-0.13483,-0.13462,-0.12827,-0.14925,-0.12734,-0.13348,-0.14754,-0.13648,-0.15575,-0.096361,-0.15546,-0.15653,-0.14433,-0.15468,-0.12798,-0.11699,-0.13084,-0.11792,-0.13319,-0.13469,-0.10079,-0.067881,-0.1434,-0.13705,-0.13162,-0.15903
5.4064,-0.14183,-0.13433,-0.12655,-0.11799,-0.11563,-0.13383,-0.14019,-0.18808,-0.12163,-0.13019,-0.13755,-0.13462,-0.1419,-0.1364,-0.1556,-0.14854,-0.11906,-0.14997,-0.16481,-0.13019,-0.15204,-0.16474,-0.15025,-0.13669,-0.13819,-0.1449,-0.15503,-0.13826,-0.1424,-0.14989,-0.14611,-0.15682,-0.1434,-0.1676,-0.15989,-0.14939,-0.15618,-0.14347,-0.15025,-0.14318,-0.14939,-0.17124,-0.16267,-0.15532,-0.15982,-0.17116,-0.16567,-0.15382,-0.15496,-0.14468,-0.13904,-0.13997,-0.14875,-0.1434,-0.14354,-0.14782,-0.15889,-0.15382,-0.11585,-0.14947,-0.11028,-0.15625,-0.16124,-0.15025,-0.16082,-0.1262,-0.15518,-0.14932,-0.12919,-0.16488,-0.17623,-0.1616,-0.14304,-0.15767,-0.14054,-0.15353,-0.15782,-0.15767
5.4674,0.046753,0.093006,0.046324,0.0084226,0.0089937,0.04661,0.040186,0.017131,-0.047609,0.015132,0.057245,-0.034904,-0.0022841,-0.011492,0.018844,0.067167,0.052463,0.077303,0.030693,-0.05853,0.032334,0.099287,0.086653,0.0089937,0.057103,0.033905,0.060386,-0.041613,0.050964,0.078873,-0.036688,0.08337,0.10036,-0.020557,-0.053391,0.096432,0.095218,0.12798,0.13262,0.14925,0.11185,0.0059244,-0.056246,0.048965,0.064169,0.015489,0.040257,0.10414,0.081728,0.054604,0.12149,0.12056,0.085868,0.085511,0.054533,0.12563,0.078159,0.055818,0.1152,0.070736,0.14939,0.0012134,0.10892,0.11485,0.065597,0.13555,0.057459,0.079944,0.10828,0.060814,0.084869,0.086653,0.061028,-0.022199,0.1182,0.10707,0.092006,0.11185
5.5285,0.18487,0.19386,0.18151,0.15418,0.14283,0.18244,0.18416,0.18244,0.15796,0.16303,0.19008,0.13933,0.16931,0.15118,0.18929,0.19244,0.16631,0.19757,0.20214,0.15032,0.19915,0.20957,0.20357,0.17088,0.1833,0.18758,0.20928,0.1661,0.18451,0.19308,0.16631,0.2085,0.20357,0.17923,0.17059,0.205,0.21199,0.21164,0.21506,0.18922,0.20621,0.18979,0.1853,0.19343,0.20942,0.19443,0.19408,0.20528,0.2035,0.18387,0.19329,0.19087,0.19615,0.19172,0.201,0.20564,0.20778,0.2025,0.204,0.19964,0.18123,0.18237,0.21256,0.201,0.20742,0.20214,0.20393,0.1975,0.20136,0.20949,0.21235,0.20557,0.18558,0.17416,0.20607,0.20693,0.21378,0.20486
5.5896,0.0068523,-0.0606,-0.0024269,0.055818,0.069808,0.01606,0.012063,0.03676,0.076589,0.033262,-0.02384,0.10928,0.051892,0.06731,0.035689,-0.031478,0.0049965,0.023626,0.017987,0.098573,0.043898,-0.055746,-0.013348,0.049893,0.0047823,0.018273,0.0024982,0.099501,0.012134,-0.012991,0.097574,0.015489,-0.03833,0.094505,0.12184,0.0055675,0.0082085,-0.065525,-0.04868,-0.072449,-0.019986,0.071093,0.1232,0.018772,0.015632,0.035618,0.029194,-0.035689,0.0050679,0.031906,-0.032691,-0.07509,-0.009065,-0.028123,-0.013705,-0.059458,-0.0049965,0.0031406,-0.033905,-0.0094219,-0.071307,0.069951,-0.041899,-0.038473,-0.0046396,-0.060386,-0.016917,-0.022984,-0.047466,0.0015703,-0.0023555,-0.018273,0.012277,0.082156,-0.036688,-0.015703,0.0097074,-0.02798
5.6506,-0.19094,-0.21328,-0.19543,-0.1793,-0.17209,-0.19458,-0.19686,-0.16724,-0.15846,-0.16838,-0.19907,-0.1681,-0.15668,-0.17081,-0.18701,-0.19822,-0.18366,-0.21806,-0.21306,-0.17266,-0.19843,-0.22234,-0.20942,-0.18794,-0.19422,-0.18937,-0.21506,-0.15418,-0.19857,-0.20593,-0.1788,-0.21142,-0.21292,-0.16867,-0.16388,-0.21192,-0.21085,-0.22284,-0.22484,-0.21849,-0.2172,-0.19208,-0.1551,-0.19793,-0.20329,-0.18872,-0.18494,-0.2162,-0.20999,-0.18665,-0.21292,-0.21206,-0.21071,-0.20693,-0.20714,-0.21992,-0.21649,-0.20864,-0.21942,-0.20557,-0.2157,-0.18601,-0.21863,-0.2162,-0.21842,-0.21356,-0.21663,-0.20657,-0.21328,-0.20864,-0.23062,-0.21392,-0.18251,-0.18087,-0.21499,-0.21078,-0.22398,-0.21728
5.7117,-0.067952,-0.026481,-0.062956,-0.096218,-0.10821,-0.07145,-0.058744,-0.065097,-0.13269,-0.075518,-0.041542,-0.13019,-0.10778,-0.10071,-0.08237,-0.0048537,-0.053962,-0.047395,-0.076589,-0.1429,-0.096361,-0.026267,-0.058673,-0.11056,-0.065597,-0.079729,-0.053462,-0.1586,-0.046753,-0.058887,-0.13505,-0.074019,-0.050464,-0.15075,-0.15989,-0.054604,-0.080229,-0.013633,-0.021413,0.019129,-0.06267,-0.1374,-0.1758,-0.078373,-0.075875,-0.11785,-0.10742,-0.031835,-0.067238,-0.11656,-0.018487,-0.0099216,-0.048965,-0.068809,-0.049965,0.0046396,-0.048965,-0.04404,-0.017559,-0.044469,-0.019058,-0.11342,-0.017345,-0.048466,-0.050036,-0.011278,-0.043398,-0.061457,-0.011135,-0.082085,-0.036688,-0.050536,-0.075589,-0.11442,-0.0089223,-0.05803,-0.050964,-0.036688
5.7728,0.18151,0.21685,0.17623,0.1631,0.1676,0.1651,0.18187,0.1247,0.13997,0.16895,0.1848,0.13355,0.15946,0.15239,0.16524,0.18615,0.19379,0.19129,0.19258,0.14233,0.17102,0.20864,0.2005,0.15867,0.18294,0.17116,0.19151,0.13212,0.18194,0.17438,0.14447,0.18266,0.18009,0.14019,0.097146,0.18523,0.18251,0.21321,0.20428,0.19993,0.18887,0.15382,0.10535,0.1773,0.19029,0.15189,0.17573,0.20086,0.19229,0.16959,0.2015,0.20086,0.17002,0.17352,0.17902,0.19943,0.17473,0.19129,0.19179,0.19351,0.19593,0.15867,0.20293,0.19301,0.17302,0.20214,0.18922,0.18351,0.20129,0.18351,0.20193,0.19872,0.17702,0.15568,0.20614,0.20293,0.18487,0.19529
5.8339,0.10193,0.036046,0.10564,0.13405,0.13369,0.11635,0.096289,0.102,0.15411,0.11078,0.079444,0.15689,0.12441,0.13084,0.1182,0.059315,0.08858,0.11706,0.11956,0.17309,0.14297,0.078873,0.10328,0.15582,0.12527,0.13883,0.10978,0.16531,0.096218,0.10607,0.16424,0.12034,0.11171,0.16246,0.18815,0.10386,0.12177,0.058744,0.075018,0.067238,0.10621,0.17074,0.18444,0.12127,0.11727,0.15439,0.13148,0.075518,0.106,0.13733,0.079158,0.064954,0.11221,0.10121,0.10029,0.059529,0.12598,0.090864,0.076589,0.091507,0.069308,0.14197,0.088366,0.10386,0.11727,0.057745,0.10214,0.10328,0.0808,0.12912,0.066524,0.074091,0.1182,0.15618,0.065882,0.059886,0.10607,0.084797
5.8949,-0.12463,-0.18351,-0.1576,-0.12927,-0.12591,-0.12577,-0.13669,-0.069451,-0.081228,-0.13548,-0.16203,-0.083227,-0.10621,-0.10714,-0.10228,-0.14311,-0.15353,-0.12284,-0.11899,-0.085226,-0.11856,-0.15682,-0.14611,-0.12727,-0.14376,-0.1242,-0.1429,-0.070379,-0.13412,-0.14154,-0.087367,-0.12213,-0.13819,-0.07823,-0.036403,-0.13626,-0.11635,-0.16032,-0.15825,-0.15553,-0.14661,-0.087367,-0.060957,-0.12941,-0.12855,-0.10407,-0.12598,-0.14176,-0.12998,-0.11021,-0.15004,-0.15532,-0.12477,-0.12498,-0.13219,-0.14633,-0.11085,-0.12463,-0.15632,-0.13633,-0.14475,-0.098716,-0.15403,-0.14882,-0.10764,-0.15211,-0.1237,-0.13326,-0.16388,-0.13169,-0.14147,-0.13569,-0.12634,-0.10186,-0.1576,-0.15303,-0.13062,-0.13483
5.956,-0.12941,-0.083869,-0.11563,-0.1459,-0.15339,-0.12948,-0.12948,-0.097717,-0.16724,-0.12777,-0.090579,-0.15746,-0.14483,-0.14447,-0.1409,-0.095218,-0.13248,-0.15732,-0.14647,-0.17109,-0.15867,-0.11677,-0.1434,-0.1596,-0.13398,-0.14904,-0.13119,-0.16931,-0.11999,-0.12755,-0.16338,-0.14861,-0.12991,-0.1641,-0.16296,-0.14397,-0.14975,-0.13519,-0.10971,-0.12598,-0.13648,-0.16103,-0.17488,-0.13776,-0.15475,-0.15468,-0.15232,-0.12491,-0.13997,-0.16096,-0.1217,-0.1222,-0.14318,-0.12334,-0.1267,-0.11228,-0.13997,-0.13897,-0.097717,-0.12948,-0.11806,-0.15211,-0.11956,-0.1147,-0.1434,-0.10764,-0.13683,-0.12698,-0.10264,-0.14547,-0.13562,-0.1237,-0.14169,-0.15803,-0.11749,-0.11121,-0.13155,-0.12784
6.0171,0.069951,0.12298,0.091079,0.081371,0.069951,0.065168,0.076446,0.0024269,0.021342,0.0803,0.10093,0.028123,0.03626,0.056674,0.05075,0.10521,0.093934,0.052035,0.053962,0.011777,0.064312,0.088366,0.083084,0.070379,0.10371,0.056175,0.056246,-0.0084226,0.082585,0.073591,0.010778,0.054462,0.072092,0.0072092,-0.035189,0.054604,0.049679,0.10214,0.088794,0.084083,0.078088,0.032977,-0.018201,0.075804,0.048823,0.051606,0.055104,0.073448,0.058387,0.049037,0.090365,0.10764,0.055175,0.058744,0.053819,0.080943,0.068737,0.054961,0.10207,0.055247,0.091507,0.039829,0.064669,0.088366,0.052606,0.07716,0.055318,0.089722,0.10871,0.06217,0.064597,0.088937,0.06217,0.040971,0.098288,0.083227,0.057174,0.088295
6.0782,0.12905,0.10714,0.13669,0.13747,0.13697,0.13027,0.12712,0.063384,0.14161,0.1354,0.12063,0.13305,0.13048,0.13712,0.13419,0.10407,0.13362,0.14861,0.1474,0.13519,0.14504,0.13697,0.14818,0.15111,0.13169,0.13747,0.13662,0.13241,0.12955,0.13505,0.14147,0.1444,0.14019,0.13683,0.11977,0.14376,0.14254,0.11349,0.13747,0.14076,0.14497,0.14975,0.13576,0.14483,0.15211,0.1379,0.14176,0.14154,0.14447,0.1484,0.1359,0.12334,0.13526,0.13498,0.14261,0.12791,0.13826,0.14019,0.11785,0.1394,0.11942,0.13904,0.13162,0.13219,0.14297,0.13119,0.13369,0.12862,0.10857,0.1409,0.12677,0.13219,0.14247,0.1349,0.12698,0.13419,0.13904,0.13169
6.1392,0.010707,-0.044112,-0.019343,-0.01399,-0.011135,0.007923,0.013847,0.062956,0.021842,-0.018487,-0.040686,0.031335,0.016417,0.005282,0.010707,-0.016203,-0.04504,0.010778,0.020129,0.055318,0.022627,-0.011278,-0.0034262,-0.00078516,-0.027623,0.0097074,0.019415,0.048751,-0.0037117,-0.014847,0.038758,0.02277,-0.0025696,0.047395,0.080657,0.010921,0.0081371,-0.017202,-0.016131,-0.021913,-0.00042827,0.044611,0.067452,-0.0095647,0.019843,0.014918,-0.0071378,0.016774,0.014561,0.0011421,-0.029265,-0.019201,-0.0019272,0.022627,0.012634,-0.0054247,0.010493,0.0088509,-0.021628,0.0047823,-0.019058,0.028052,0.0072806,0.0074947,-0.013419,-0.032977,0.012491,-0.0057816,-0.018701,0.0089937,-0.0021413,-0.016845,-0.025768,0.033691,-0.036617,-0.019843,-0.011992,-0.020628
6.2003,-0.1035,-0.094362,-0.11649,-0.10635,-0.10336,-0.11178,-0.10364,-0.016845,-0.093006,-0.10457,-0.10564,-0.082014,-0.093505,-0.094933,-0.10964,-0.10179,-0.11756,-0.11135,-0.1167,-0.080657,-0.11128,-0.12912,-0.12099,-0.11413,-0.11456,-0.10671,-0.11977,-0.080015,-0.11021,-0.12099,-0.093862,-0.11963,-0.11542,-0.089151,-0.066453,-0.12113,-0.12313,-0.13148,-0.12377,-0.1167,-0.12905,-0.088223,-0.076375,-0.11378,-0.12063,-0.10271,-0.10949,-0.11949,-0.11956,-0.10985,-0.11949,-0.12391,-0.12334,-0.11156,-0.12027,-0.11727,-0.12227,-0.11835,-0.11892,-0.11442,-0.10671,-0.092292,-0.11135,-0.11306,-0.11499,-0.10243,-0.10514,-0.11578,-0.11271,-0.11856,-0.11585,-0.12077,-0.10607,-0.09115,-0.1065,-0.10678,-0.10864,-0.1152
6.2614,-0.070664,-0.011777,-0.047538,-0.041542,-0.034904,-0.062884,-0.047609,-0.11371,-0.06838,-0.047966,-0.03105,-0.070807,-0.074662,-0.049893,-0.065097,-0.052963,-0.031264,-0.053534,-0.090436,-0.10293,-0.073662,-0.076018,-0.063384,-0.060243,-0.041542,-0.058316,-0.071093,-0.08701,-0.058316,-0.04297,-0.086582,-0.060457,-0.060957,-0.07923,-0.099501,-0.059672,-0.069808,-0.047466,-0.048109,-0.017559,-0.045753,-0.08958,-0.095932,-0.045325,-0.064169,-0.068023,-0.055532,-0.053962,-0.051035,-0.055461,-0.031264,-0.047609,-0.052606,-0.062599,-0.071806,-0.026124,-0.072806,-0.058245,-0.036903,-0.061528,-0.042756,-0.060743,-0.044611,-0.045896,-0.052677,-0.022484,-0.071735,-0.059315,-0.02484,-0.05646,-0.042684,-0.042684,-0.041114,-0.061528,-0.036189,-0.038045,-0.058887,-0.047823
