-681.1,-155.65
-679.27,-155.27
-677.44,-163.19
-675.61,-166.47
-673.78,-146.82
-671.95,-145.19
-670.12,-146.21
-668.29,-142.17
-666.46,-143.24
-664.62,-146.39
-662.79,-150.65
-660.96,-142.2
-659.13,-137.27
-657.3,-132.85
-655.47,-134
-653.64,-139.67
-651.81,-138.61
-649.98,-131.01
-648.15,-126.89
-646.32,-124.71
-644.48,-126.32
-642.65,-133.44
-640.82,-127.63
-638.99,-120.98
-637.16,-117.61
-635.33,-118.18
-633.5,-123.42
-631.67,-126.84
-629.84,-116.56
-628.01,-112.91
-626.18,-111.72
-624.34,-113.89
-622.51,-122.22
-620.68,-114.46
-618.85,-108.31
-617.02,-106.04
-615.19,-107.04
-613.36,-113.36
-611.53,-110.68
-609.7,-101.95
-607.87,-97.995
-606.03,-96.177
-604.2,-96.336
-602.37,-98.331
-600.54,-100.03
-598.71,-96.805
-596.88,-93.33
-595.05,-91.47
-593.22,-91.457
-591.39,-93.527
-589.56,-99.293
-587.73,-102.15
-585.89,-93.829
-584.06,-90.174
-582.23,-88.849
-580.4,-89.293
-578.57,-90.999
-576.74,-92.045
-574.91,-89.915
-573.08,-87.168
-571.25,-85.739
-569.42,-85.411
-567.59,-86.349
-565.75,-87.97
-563.92,-89.165
-562.09,-88.619
-560.26,-87.545
-558.43,-87.656
-556.6,-88.943
-554.77,-92.537
-552.94,-97.7
-551.11,-96.173
-549.28,-92.656
-547.45,-89.979
-545.61,-87.429
-543.78,-84.778
-541.95,-82.496
-540.12,-81.093
-538.29,-80.537
-536.46,-80.953
-534.63,-82.312
-532.8,-84.528
-530.97,-87.058
-529.14,-88.397
-527.31,-88.712
-525.47,-88.287
-523.64,-87.485
-521.81,-86.355
-519.98,-86.109
-518.15,-88.305
-516.32,-97.464
-514.49,-91.658
-512.66,-83.323
-510.83,-79.997
-509,-79.216
-507.17,-81.55
-505.33,-92.857
-503.5,-80.854
-501.67,-73.152
-499.84,-68.969
-498.01,-66.43
-496.18,-64.991
-494.35,-64.465
-492.52,-64.74
-490.69,-65.838
-488.86,-67.765
-487.03,-70.577
-485.19,-73.915
-483.36,-76.086
-481.53,-75.646
-479.7,-74.63
-477.87,-74.111
-476.04,-74.092
-474.21,-74.432
-472.38,-74.844
-470.55,-75.256
-468.72,-75.245
-466.88,-74.677
-465.05,-73.744
-463.22,-72.855
-461.39,-72.458
-459.56,-72.616
-457.73,-73.603
-455.9,-75.387
-454.07,-78.14
-452.24,-80.536
-450.41,-79.425
-448.58,-76.219
-446.74,-73.382
-444.91,-70.99
-443.08,-69.013
-441.25,-67.457
-439.42,-66.399
-437.59,-65.989
-435.76,-66.294
-433.93,-67.594
-432.1,-70.26
-430.27,-75.541
-428.44,-87.761
-426.6,-77.397
-424.77,-72.327
-422.94,-70.005
-421.11,-68.771
-419.28,-67.768
-417.45,-66.716
-415.62,-65.716
-413.79,-65.129
-411.96,-65.108
-410.13,-65.675
-408.3,-66.448
-406.46,-66.584
-404.63,-65.683
-402.8,-64.488
-400.97,-63.814
-399.14,-63.996
-397.31,-65.322
-395.48,-68.202
-393.65,-73.494
-391.82,-75.826
-389.99,-70.495
-388.16,-67.463
-386.32,-66.263
-384.49,-66.22
-382.66,-66.591
-380.83,-66.414
-379,-65.333
-377.17,-64.155
-375.34,-63.517
-373.51,-63.73
-371.68,-64.852
-369.85,-66.997
-368.02,-69.91
-366.18,-72.219
-364.35,-72.295
-362.52,-72.019
-360.69,-73.021
-358.86,-75.881
-357.03,-78.991
-355.2,-76.271
-353.37,-72.901
-351.54,-71.298
-349.71,-71.07
-347.88,-71.839
-346.04,-72.956
-344.21,-73.508
-342.38,-73.383
-340.55,-73.502
-338.72,-74.815
-336.89,-78.03
-335.06,-86.286
-333.23,-91.426
-331.4,-81.3
-329.57,-78.91
-327.73,-78.743
-325.9,-78.08
-324.07,-74.684
-322.24,-71.279
-320.41,-68.932
-318.58,-67.716
-316.75,-67.568
-314.92,-68.5
-313.09,-70.886
-311.26,-75.518
-309.43,-85.342
-307.59,-78.113
-305.76,-72.45
-303.93,-69.627
-302.1,-68.115
-300.27,-67.446
-298.44,-67.413
-296.61,-68.016
-294.78,-69.348
-292.95,-71.34
-291.12,-73.529
-289.29,-73.783
-287.45,-72.153
-285.62,-70.562
-283.79,-69.946
-281.96,-70.173
-280.13,-71.078
-278.3,-71.684
-276.47,-71.288
-274.64,-70.319
-272.81,-69.895
-270.98,-70.509
-269.15,-72.497
-267.31,-76.393
-265.48,-80.871
-263.65,-78.885
-261.82,-76.892
-259.99,-77.719
-258.16,-83.356
-256.33,-89
-254.5,-76.918
-252.67,-72.593
-250.84,-71.038
-249.01,-71.367
-247.17,-73.898
-245.34,-80.767
-243.51,-86.994
-241.68,-76.02
-239.85,-72.475
-238.02,-71.321
-236.19,-71.641
-234.36,-72.545
-232.53,-72.535
-230.7,-70.989
-228.87,-69.179
-227.03,-67.862
-225.2,-67.09
-223.37,-66.761
-221.54,-66.784
-219.71,-67.157
-217.88,-67.907
-216.05,-68.998
-214.22,-69.942
-212.39,-69.872
-210.56,-68.601
-208.73,-67.073
-206.89,-65.885
-205.06,-65.218
-203.23,-65.013
-201.4,-65.122
-199.57,-65.298
-197.74,-65.25
-195.91,-64.894
-194.08,-64.402
-192.25,-64.03
-190.42,-63.927
-188.58,-64.068
-186.75,-64.345
-184.92,-64.56
-183.09,-64.738
-181.26,-65.023
-179.43,-65.706
-177.6,-67.005
-175.77,-69.072
-173.94,-71.757
-172.11,-73.872
-170.28,-73.709
-168.44,-72.505
-166.61,-71.496
-164.78,-70.876
-162.95,-70.443
-161.12,-70.304
-159.29,-70.623
-157.46,-71.2
-155.63,-71.689
-153.8,-71.418
-151.97,-70.798
-150.14,-70.412
-148.3,-70.492
-146.47,-70.308
-144.64,-69.072
-142.81,-67.211
-140.98,-65.71
-139.15,-65.044
-137.32,-65.368
-135.49,-66.856
-133.66,-69.755
-131.83,-74.333
-130,-77.263
-128.16,-75.35
-126.33,-74.602
-124.5,-77.062
-122.67,-86.283
-120.84,-80.61
-119.01,-73.73
-117.18,-71.15
-115.35,-70.999
-113.52,-73.813
-111.69,-82.519
-109.86,-79.032
-108.02,-71.483
-106.19,-68.242
-104.36,-67.382
-102.53,-68.549
-100.7,-69.47
-98.87,-68.504
-97.039,-66.851
-95.208,-63.802
-93.377,-64.458
-91.546,-62.645
-89.715,-65.627
-87.884,-58.744
-86.053,-63.054
-84.222,-55.496
-82.391,-63.196
-80.561,-53.306
-78.73,-58.316
-76.899,-48.86
-75.068,-51.442
-73.237,-45.691
-71.406,-48.379
-69.575,-43.887
-67.744,-45.523
-65.913,-41.451
-64.082,-42.08
-62.251,-39.099
-60.42,-39.625
-58.589,-37.357
-56.759,-37.436
-54.928,-35.388
-53.097,-35.057
-51.266,-33.425
-49.435,-33.041
-47.604,-31.731
-45.773,-31.211
-43.942,-30.043
-42.111,-29.428
-40.28,-28.331
-38.449,-27.382
-36.618,-25.812
-34.788,-24.069
-32.957,-21.921
-31.126,-19.74
-29.295,-17.477
-27.464,-15.307
-25.633,-13.231
-23.802,-11.312
-21.971,-9.5572
-20.14,-7.9641
-18.309,-6.5322
-16.478,-5.2412
-14.647,-4.0972
-12.816,-3.0905
-10.986,-2.231
-9.1546,-1.5169
-7.3237,-0.9471
-5.4928,-0.51949
-3.6618,-0.22013
-1.8309,-0.051487
0,0
1.8309,-0.080183
3.6618,-0.28941
5.4928,-0.64812
7.3237,-1.1657
9.1546,-1.8513
10.986,-2.7322
12.816,-3.7891
14.647,-5.0881
16.478,-6.5646
18.309,-8.3548
20.14,-10.332
21.971,-12.741
23.802,-15.413
25.633,-18.76
27.464,-22.787
29.295,-28.103
31.126,-30.811
32.957,-27.34
34.788,-23.402
36.618,-21.027
38.449,-19.123
40.28,-17.856
42.111,-17.001
43.942,-16.456
45.773,-16.36
47.604,-16.459
49.435,-17.058
51.266,-17.907
53.097,-19.435
54.928,-21.606
56.759,-25.28
58.589,-31.64
60.42,-30.86
62.251,-23.69
64.082,-19.197
65.913,-15.912
67.744,-13.337
69.575,-11.159
71.406,-9.2967
73.237,-7.6675
75.068,-6.2284
76.899,-4.9814
78.73,-3.8764
80.561,-2.9596
82.391,-2.1662
84.222,-1.5568
86.053,-1.0522
87.884,-0.71086
89.715,-0.45616
91.546,-0.34317
93.377,-0.32096
95.208,-0.43691
97.039,-0.67167
98.87,-1.0462
100.7,-1.56
102.53,-2.1936
104.36,-2.9519
106.19,-3.7854
108.02,-4.7002
109.86,-5.6549
111.69,-6.6628
113.52,-7.7292
115.35,-8.8772
117.18,-10.155
119.01,-11.577
120.84,-13.163
122.67,-14.824
124.5,-16.318
126.33,-17.209
128.16,-17.164
130,-16.442
131.83,-15.466
133.66,-14.59
135.49,-13.912
137.32,-13.506
139.15,-13.37
140.98,-13.492
142.81,-13.884
144.64,-14.471
146.47,-15.279
148.3,-16.175
150.14,-17.12
151.97,-17.933
153.8,-18.402
155.63,-18.568
157.46,-18.267
159.29,-17.94
161.12,-17.446
162.95,-17.127
164.78,-16.842
166.61,-16.708
168.44,-16.733
170.28,-16.832
172.11,-17.231
173.94,-17.635
175.77,-18.498
177.6,-19.312
179.43,-20.761
181.26,-22.198
183.09,-24.447
184.92,-26.919
186.75,-29.182
188.58,-29.772
190.42,-27.099
192.25,-24.845
194.08,-22.884
195.91,-21.437
197.74,-20.541
199.57,-19.807
201.4,-19.57
203.23,-19.405
205.06,-19.688
206.89,-20.101
208.73,-20.955
210.56,-22.083
212.39,-23.708
214.22,-25.787
216.05,-28.25
217.88,-30.125
219.71,-29.433
221.54,-27.127
223.37,-24.735
225.2,-22.838
227.03,-21.291
228.87,-20.118
230.7,-19.2
232.53,-18.527
234.36,-18.067
236.19,-17.775
238.02,-17.678
239.85,-17.701
241.68,-17.902
243.51,-18.189
245.34,-18.626
247.17,-19.102
249.01,-19.64
250.84,-20.063
252.67,-20.295
254.5,-20.131
256.33,-19.62
258.16,-18.838
259.99,-18
261.82,-17.208
263.65,-16.535
265.48,-15.998
267.31,-15.582
269.15,-15.3
270.98,-15.135
272.81,-15.127
274.64,-15.267
276.47,-15.584
278.3,-16.054
280.13,-16.655
281.96,-17.338
283.79,-18.042
285.62,-18.728
287.45,-19.356
289.29,-19.938
291.12,-20.469
292.95,-20.984
294.78,-21.488
296.61,-22.028
298.44,-22.61
300.27,-23.283
302.1,-24.013
303.93,-24.825
305.76,-25.595
307.59,-26.309
309.43,-26.742
311.26,-26.927
313.09,-26.688
314.92,-26.25
316.75,-25.531
318.58,-24.798
320.41,-23.939
322.24,-23.154
324.07,-22.313
325.9,-21.569
327.73,-20.821
329.57,-20.187
331.4,-19.61
333.23,-19.165
335.06,-18.817
336.89,-18.587
338.72,-18.451
340.55,-18.384
342.38,-18.365
344.21,-18.33
346.04,-18.238
347.88,-17.978
349.71,-17.518
351.54,-16.817
353.37,-15.973
355.2,-15.055
357.03,-14.177
358.86,-13.377
360.69,-12.695
362.52,-12.143
364.35,-11.724
366.18,-11.46
368.02,-11.34
369.85,-11.398
371.68,-11.604
373.51,-11.991
375.34,-12.512
377.17,-13.187
379,-13.96
380.83,-14.835
382.66,-15.745
384.49,-16.667
386.32,-17.512
388.16,-18.252
389.99,-18.831
391.82,-19.299
393.65,-19.677
395.48,-20.066
397.31,-20.469
399.14,-20.955
400.97,-21.461
402.8,-22
404.63,-22.461
406.46,-22.791
408.3,-22.946
410.13,-22.856
411.96,-22.684
413.79,-22.347
415.62,-22.099
417.45,-21.797
419.28,-21.661
421.11,-21.539
422.94,-21.59
424.77,-21.713
426.6,-21.996
428.44,-22.423
430.27,-22.989
432.1,-23.804
433.93,-24.738
435.76,-26.094
437.59,-27.564
439.42,-29.776
441.25,-32.173
443.08,-36.132
444.91,-40.921
446.74,-52.088
448.58,-47.471
450.41,-42.027
452.24,-39.413
454.07,-38.2
455.9,-36.734
457.73,-35.458
459.56,-33.132
461.39,-30.904
463.22,-28.593
465.05,-26.57
466.88,-24.805
468.72,-23.265
470.55,-21.959
472.38,-20.798
474.21,-19.782
476.04,-18.843
477.87,-17.97
479.7,-17.136
481.53,-16.339
483.36,-15.583
485.19,-14.872
487.03,-14.213
488.86,-13.615
490.69,-13.082
492.52,-12.632
494.35,-12.267
496.18,-12.013
498.01,-11.863
499.84,-11.839
501.67,-11.931
503.5,-12.15
505.33,-12.495
507.17,-12.963
509,-13.57
510.83,-14.294
512.66,-15.168
514.49,-16.144
516.32,-17.273
518.15,-18.491
519.98,-19.856
521.81,-21.305
523.64,-22.871
525.47,-24.494
527.31,-26.114
529.14,-27.672
530.97,-28.992
532.8,-30.072
534.63,-30.765
536.46,-31.207
538.29,-31.365
540.12,-31.423
541.95,-31.337
543.78,-31.237
545.61,-31.023
547.45,-30.78
549.28,-30.459
551.11,-30.132
552.94,-29.875
554.77,-29.681
556.6,-29.737
558.43,-29.873
560.26,-30.406
562.09,-30.993
563.92,-32.155
565.75,-33.339
567.59,-35.332
569.42,-36.856
571.25,-38.091
573.08,-36.46
574.91,-34.424
576.74,-31.98
578.57,-30.322
580.4,-28.686
582.23,-27.7
584.06,-26.674
585.89,-26.172
587.73,-25.592
589.56,-25.429
591.39,-25.182
593.22,-25.247
595.05,-25.254
596.88,-25.475
598.71,-25.686
600.54,-26.006
602.37,-26.342
604.2,-26.638
606.03,-26.906
607.87,-26.952
609.7,-26.925
611.53,-26.615
613.36,-26.305
615.19,-25.792
617.02,-25.367
618.85,-24.816
620.68,-24.375
622.51,-23.874
624.34,-23.472
626.18,-23.081
628.01,-22.751
629.84,-22.474
631.67,-22.198
633.5,-21.974
635.33,-21.699
637.16,-21.461
638.99,-21.171
640.82,-20.915
642.65,-20.653
644.48,-20.429
646.32,-20.24
648.15,-20.081
649.98,-19.971
651.81,-19.887
653.64,-19.866
655.47,-19.899
657.3,-20.022
659.13,-20.24
660.96,-20.552
662.79,-20.96
664.62,-21.42
666.46,-21.942
668.29,-22.48
670.12,-23.071
671.95,-23.698
673.78,-24.385
675.61,-25.128
677.44,-25.866
679.27,-26.591
681.1,-27.148
682.93,-27.557
684.76,-27.693
686.6,-27.649
688.43,-27.453
690.26,-27.183
692.09,-26.957
693.92,-26.756
695.75,-26.712
697.58,-26.75
699.41,-26.993
701.24,-27.36
703.07,-27.949
704.9,-28.695
706.74,-29.662
708.57,-30.813
710.4,-32.223
712.23,-33.917
714.06,-36.036
715.89,-38.697
717.72,-41.721
719.55,-43.7
721.38,-42.067
723.21,-39.565
725.04,-37.322
726.88,-35.64
728.71,-34.374
730.54,-33.397
732.37,-32.838
734.2,-32.512
736.03,-32.728
737.86,-33.244
739.69,-34.562
741.52,-36.544
743.35,-40.471
745.18,-49.381
747.02,-48.138
748.85,-38.562
750.68,-33.823
752.51,-30.67
754.34,-28.379
756.17,-26.584
758,-25.236
759.83,-24.153
761.66,-23.382
763.49,-22.795
765.33,-22.446
767.16,-22.251
768.99,-22.247
770.82,-22.391
772.65,-22.687
774.48,-23.137
776.31,-23.702
778.14,-24.427
779.97,-25.22
781.8,-26.165
783.63,-27.118
785.47,-28.182
787.3,-29.181
789.13,-30.189
790.96,-31.043
792.79,-31.735
794.62,-32.21
796.45,-32.392
798.28,-32.428
800.11,-32.221
801.94,-32.048
803.77,-31.783
805.61,-31.66
807.44,-31.547
809.27,-31.557
811.1,-31.611
812.93,-31.704
814.76,-31.861
816.59,-31.984
818.42,-32.183
820.25,-32.296
822.08,-32.439
823.91,-32.448
825.75,-32.393
827.58,-32.201
829.41,-31.897
831.24,-31.526
833.07,-31.087
834.9,-30.659
836.73,-30.229
838.56,-29.826
840.39,-29.463
842.22,-29.105
844.05,-28.824
845.89,-28.529
847.72,-28.34
849.55,-28.123
851.38,-28.012
853.21,-27.872
855.04,-27.819
856.87,-27.761
858.7,-27.766
860.53,-27.803
862.36,-27.874
864.19,-28.001
866.03,-28.141
867.86,-28.362
869.69,-28.618
871.52,-28.999
873.35,-29.47
875.18,-30.102
877.01,-30.862
878.84,-31.78
880.67,-32.833
882.5,-34.042
884.33,-35.435
886.17,-37.063
888,-38.994
889.83,-41.248
891.66,-43.706
893.49,-46.022
895.32,-47.538
897.15,-48.362
898.98,-48.714
900.81,-49.229
902.64,-49.422
904.48,-49.391
906.31,-48.252
908.14,-46.39
909.97,-43.864
911.8,-41.503
913.63,-39.278
915.46,-37.525
917.29,-35.982
919.12,-34.85
920.95,-33.867
922.78,-33.203
924.62,-32.661
926.45,-32.362
928.28,-32.188
930.11,-32.171
931.94,-32.287
933.77,-32.463
935.6,-32.793
937.43,-33.109
939.26,-33.603
941.09,-33.994
942.92,-34.503
944.76,-34.76
946.59,-34.992
948.42,-34.879
950.25,-34.659
952.08,-34.176
953.91,-33.6
955.74,-32.914
957.57,-32.187
959.4,-31.491
961.23,-30.821
963.06,-30.271
964.9,-29.793
966.73,-29.462
968.56,-29.214
970.39,-29.105
972.22,-29.078
974.05,-29.168
975.88,-29.32
977.71,-29.508
979.54,-29.656
981.37,-29.66
983.2,-29.483
985.04,-29.079
986.87,-28.528
988.7,-27.894
990.53,-27.254
992.36,-26.688
994.19,-26.199
996.02,-25.848
997.85,-25.593
999.68,-25.468
1001.5,-25.419
1003.3,-25.461
1005.2,-25.564
1007,-25.72
1008.8,-25.922
1010.7,-26.13
1012.5,-26.344
1014.3,-26.515
1016.2,-26.667
1018,-26.779
1019.8,-26.893
1021.7,-27.013
1023.5,-27.152
1025.3,-27.335
1027.1,-27.54
1029,-27.822
1030.8,-28.14
1032.6,-28.578
1034.5,-29.084
1036.3,-29.743
1038.1,-30.514
1040,-31.469
1041.8,-32.606
1043.6,-33.985
1045.5,-35.662
1047.3,-37.6
1049.1,-39.563
1050.9,-40.385
1052.8,-39.389
1054.6,-37.448
1056.4,-35.625
1058.3,-34.204
1060.1,-33.152
1061.9,-32.509
1063.8,-32.149
1065.6,-32.188
1067.4,-32.533
1069.3,-33.388
1071.1,-34.779
1072.9,-37.118
1074.8,-41.119
1076.6,-50.178
1078.4,-48.036
1080.2,-39.729
1082.1,-35.296
1083.9,-32.547
1085.7,-30.445
1087.6,-28.98
1089.4,-27.798
1091.2,-27.002
1093.1,-26.383
1094.9,-26.03
1096.7,-25.798
1098.6,-25.744
1100.4,-25.771
1102.2,-25.918
1104,-26.128
1105.9,-26.424
1107.7,-26.78
1109.5,-27.199
1111.4,-27.685
1113.2,-28.203
1115,-28.786
1116.9,-29.338
1118.7,-29.918
1120.5,-30.363
1122.4,-30.755
1124.2,-30.923
1126,-30.974
1127.8,-30.824
1129.7,-30.564
1131.5,-30.226
1133.3,-29.831
1135.2,-29.469
1137,-29.091
1138.8,-28.799
1140.7,-28.514
1142.5,-28.316
1144.3,-28.14
1146.2,-28.038
1148,-27.98
1149.8,-27.993
1151.6,-28.067
1153.5,-28.197
1155.3,-28.38
1157.1,-28.591
1159,-28.835
1160.8,-29.092
1162.6,-29.364
1164.5,-29.624
1166.3,-29.849
1168.1,-30.021
1170,-30.129
1171.8,-30.212
1173.6,-30.281
1175.5,-30.388
1177.3,-30.517
1179.1,-30.694
1180.9,-30.891
1182.8,-31.129
1184.6,-31.412
1186.4,-31.745
1188.3,-32.152
1190.1,-32.569
1191.9,-33.028
1193.8,-33.396
1195.6,-33.743
1197.4,-33.928
1199.3,-34.068
1201.1,-34.063
1202.9,-34.007
1204.7,-33.845
1206.6,-33.604
1208.4,-33.308
1210.2,-32.95
1212.1,-32.637
1213.9,-32.336
1215.7,-32.168
1217.6,-32.064
1219.4,-32.12
1221.2,-32.265
1223.1,-32.58
1224.9,-33.041
1226.7,-33.712
1228.5,-34.644
1230.4,-35.86
1232.2,-37.526
1234,-39.553
1235.9,-42.145
1237.7,-44.065
1239.5,-43.683
1241.4,-41.324
1243.2,-38.812
1245,-36.897
1246.9,-35.301
1248.7,-34.206
1250.5,-33.329
1252.4,-32.808
1254.2,-32.446
1256,-32.335
1257.8,-32.35
1259.7,-32.543
1261.5,-32.852
1263.3,-33.293
1265.2,-33.848
1267,-34.464
1268.8,-35.104
1270.7,-35.622
1272.5,-35.976
1274.3,-36.074
1276.2,-36.031
1278,-35.894
1279.8,-35.808
1281.6,-35.78
1283.5,-35.878
1285.3,-36.096
1287.1,-36.484
1289,-37.087
1290.8,-37.943
1292.6,-39.077
1294.5,-40.288
1296.3,-41.108
1298.1,-40.803
1300,-39.498
1301.8,-37.827
1303.6,-36.233
1305.4,-34.814
1307.3,-33.583
1309.1,-32.521
1310.9,-31.646
1312.8,-30.949
1314.6,-30.461
1316.4,-30.142
1318.3,-30.02
1320.1,-30.019
1321.9,-30.192
1323.8,-30.472
1325.6,-30.965
1327.4,-31.628
1329.2,-32.6
1331.1,-33.86
1332.9,-35.56
1334.7,-37.761
1336.6,-40.733
1338.4,-44.735
1340.2,-48.088
1342.1,-44.995
1343.9,-40.934
1345.7,-37.847
1347.6,-35.618
1349.4,-33.892
1351.2,-32.574
1353.1,-31.534
1354.9,-30.715
1356.7,-30.068
1358.5,-29.55
1360.4,-29.15
1362.2,-28.846
1364,-28.632
1365.9,-28.497
1367.7,-28.425
1369.5,-28.402
1371.4,-28.401
1373.2,-28.42
1375,-28.441
1376.9,-28.481
1378.7,-28.535
1380.5,-28.635
1382.3,-28.77
1384.2,-28.993
1386,-29.287
1387.8,-29.747
1389.7,-30.348
1391.5,-31.243
1393.3,-32.375
1395.2,-33.989
1397,-36.019
1398.8,-38.928
1400.7,-42.589
1402.5,-46.139
1404.3,-44.039
1406.1,-40.562
1408,-37.907
1409.8,-36.202
1411.6,-35.053
1413.5,-34.485
1415.3,-34.282
1417.1,-34.524
1419,-35.089
1420.8,-36.058
1422.6,-37.421
1424.5,-39.282
1426.3,-41.835
1428.1,-45.377
1429.9,-50.877
1431.8,-61.703
1433.6,-61.843
1435.4,-56.54
1437.3,-57.297
1439.1,-66.838
1440.9,-56.615
1442.8,-48.004
1444.6,-42.905
1446.4,-39.302
1448.3,-36.542
1450.1,-34.384
1451.9,-32.681
1453.8,-31.372
1455.6,-30.374
1457.4,-29.681
1459.2,-29.208
1461.1,-28.99
1462.9,-28.94
1464.7,-29.137
1466.6,-29.499
1468.4,-30.123
1470.2,-30.927
1472.1,-31.98
1473.9,-33.211
1475.7,-34.625
1477.6,-36.227
1479.4,-37.978
1481.2,-40.134
1483,-42.823
1484.9,-47.231
1486.7,-57.286
1488.5,-53.44
1490.4,-44.838
1492.2,-40.418
1494,-37.488
1495.9,-35.355
1497.7,-33.721
1499.5,-32.454
1501.4,-31.465
1503.2,-30.73
1505,-30.231
1506.8,-29.968
1508.7,-29.941
1510.5,-30.124
1512.3,-30.517
1514.2,-31.055
1516,-31.748
1517.8,-32.497
1519.7,-33.321
1521.5,-34.094
1523.3,-34.804
1525.2,-35.353
1527,-35.699
1528.8,-35.89
1530.7,-35.878
1532.5,-35.788
1534.3,-35.585
1536.1,-35.355
1538,-35.127
1539.8,-34.878
1541.6,-34.686
1543.5,-34.42
1545.3,-34.193
1547.1,-33.863
1549,-33.583
1550.8,-33.277
1552.6,-33.065
1554.5,-32.933
1556.3,-32.907
1558.1,-33.036
1559.9,-33.266
1561.8,-33.724
1563.6,-34.309
1565.4,-35.186
1567.3,-36.195
1569.1,-37.391
1570.9,-38.438
1572.8,-38.996
1574.6,-38.781
1576.4,-37.82
1578.3,-36.621
1580.1,-35.332
1581.9,-34.24
1583.7,-33.278
1585.6,-32.582
1587.4,-32.037
1589.2,-31.725
1591.1,-31.525
1592.9,-31.487
1594.7,-31.524
1596.6,-31.672
1598.4,-31.921
1600.2,-32.292
1602.1,-32.861
1603.9,-33.604
1605.7,-34.669
1607.5,-35.976
1609.4,-37.721
1611.2,-39.758
1613,-41.997
1614.9,-43.578
1616.7,-43.117
1618.5,-41.437
1620.4,-39.488
1622.2,-37.836
1624,-36.515
1625.9,-35.413
1627.7,-34.584
1629.5,-33.87
1631.4,-33.347
1633.2,-32.893
1635,-32.56
1636.8,-32.278
1638.7,-32.068
1640.5,-31.899
1642.3,-31.778
1644.2,-31.693
1646,-31.656
1647.8,-31.657
1649.7,-31.714
1651.5,-31.81
1653.3,-31.973
1655.2,-32.185
1657,-32.483
1658.8,-32.869
1660.6,-33.385
1662.5,-34.057
1664.3,-34.922
1666.1,-36.03
1668,-37.421
1669.8,-39.121
1671.6,-41.052
1673.5,-42.545
1675.3,-42.608
1677.1,-41.022
1679,-39.089
1680.8,-37.408
1682.6,-36.065
1684.4,-35.134
1686.3,-34.459
1688.1,-34.129
1689.9,-34.01
1691.8,-34.19
1693.6,-34.605
1695.4,-35.272
1697.3,-36.198
1699.1,-37.21
1700.9,-38.249
1702.8,-38.782
1704.6,-38.614
1706.4,-37.781
1708.2,-36.576
1710.1,-35.484
1711.9,-34.476
1713.7,-33.775
1715.6,-33.262
1717.4,-32.993
1719.2,-32.93
1721.1,-33.012
1722.9,-33.308
1724.7,-33.681
1726.6,-34.298
1728.4,-34.982
1730.2,-35.943
1732.1,-37.013
1733.9,-38.349
1735.7,-39.866
1737.5,-41.546
1739.4,-43.469
1741.2,-45.217
1743,-46.791
1744.9,-47.255
1746.7,-46.59
1748.5,-45.353
1750.4,-43.832
1752.2,-42.543
1754,-41.377
1755.9,-40.384
1757.7,-39.566
1759.5,-38.761
1761.3,-38.084
1763.2,-37.345
1765,-36.692
1766.8,-36.013
1768.7,-35.391
1770.5,-34.806
1772.3,-34.236
1774.2,-33.731
1776,-33.206
1777.8,-32.757
1779.7,-32.296
1781.5,-31.921
1783.3,-31.567
1785.1,-31.294
1787,-31.069
1788.8,-30.914
1790.6,-30.844
1792.5,-30.869
1794.3,-31.034
1796.1,-31.342
1798,-31.828
1799.8,-32.477
1801.6,-33.281
1803.5,-34.216
1805.3,-35.241
1807.1,-36.381
1809,-37.627
1810.8,-39.081
1812.6,-40.722
1814.4,-42.524
1816.3,-43.983
1818.1,-44.463
1819.9,-43.773
1821.8,-42.657
1823.6,-41.515
1825.4,-40.489
1827.3,-39.457
1829.1,-38.402
1830.9,-37.318
1832.8,-36.297
1834.6,-35.406
1836.4,-34.676
1838.2,-34.126
1840.1,-33.711
1841.9,-33.441
1843.7,-33.266
1845.6,-33.227
1847.4,-33.304
1849.2,-33.54
1851.1,-33.931
1852.9,-34.467
1854.7,-35.155
1856.6,-35.904
1858.4,-36.753
1860.2,-37.539
1862,-38.318
1863.9,-38.913
1865.7,-39.334
1867.5,-39.575
1869.4,-39.593
1871.2,-39.637
1873,-39.558
1874.9,-39.63
1876.7,-39.64
1878.5,-39.789
1880.4,-39.954
1882.2,-40.299
1884,-40.825
1885.8,-41.611
1887.7,-42.676
1889.5,-43.897
1891.3,-45.069
1893.2,-45.721
1895,-45.604
1896.8,-44.833
1898.7,-43.777
1900.5,-42.687
1902.3,-41.747
1904.2,-41.025
1906,-40.612
1907.8,-40.483
1909.7,-40.658
1911.5,-41.033
1913.3,-41.6
1915.1,-42.276
1917,-43.177
1918.8,-44.389
1920.6,-46.174
1922.5,-48.757
1924.3,-52.323
1926.1,-55.403
1928,-54.592
1929.8,-51.958
1931.6,-50.527
1933.5,-49.519
1935.3,-49.204
1937.1,-48.92
1938.9,-49.111
1940.8,-49.596
1942.6,-50.858
1944.4,-52.651
1946.3,-54.15
1948.1,-53.042
1949.9,-50.479
1951.8,-48.286
1953.6,-46.723
1955.4,-45.815
1957.3,-45.265
1959.1,-45.15
1960.9,-45.241
1962.7,-45.77
1964.6,-46.708
1966.4,-48.502
1968.2,-51.765
1970.1,-59.192
1971.9,-63.087
1973.7,-51.692
1975.6,-46.594
1977.4,-43.446
1979.2,-41.077
1981.1,-39.278
1982.9,-37.782
1984.7,-36.546
1986.5,-35.513
1988.4,-34.647
1990.2,-33.964
1992,-33.408
1993.9,-33.013
1995.7,-32.716
1997.5,-32.547
1999.4,-32.458
2001.2,-32.456
2003,-32.526
2004.9,-32.651
2006.7,-32.858
2008.5,-33.106
2010.4,-33.452
2012.2,-33.821
2014,-34.27
2015.8,-34.686
2017.7,-35.12
2019.5,-35.442
2021.3,-35.689
2023.2,-35.745
2025,-35.658
2026.8,-35.4
2028.7,-35.081
2030.5,-34.762
2032.3,-34.529
2034.2,-34.426
2036,-34.456
2037.8,-34.633
2039.6,-34.913
2041.5,-35.309
2043.3,-35.789
2045.1,-36.393
2047,-37.121
2048.8,-38.018
2050.6,-39.083
2052.5,-40.333
2054.3,-41.693
2056.1,-43.112
2058,-44.246
2059.8,-44.828
2061.6,-44.451
2063.4,-43.336
2065.3,-41.907
2067.1,-40.402
2068.9,-39.083
2070.8,-37.879
2072.6,-36.897
2074.4,-36.026
2076.3,-35.312
2078.1,-34.688
2079.9,-34.194
2081.8,-33.818
2083.6,-33.604
2085.4,-33.556
2087.3,-33.7
2089.1,-34.013
2090.9,-34.495
2092.7,-35.099
2094.6,-35.839
2096.4,-36.68
2098.2,-37.686
2100.1,-38.81
2101.9,-40.061
2103.7,-41.15
2105.6,-41.831
2107.4,-41.743
2109.2,-41.2
2111.1,-40.367
2112.9,-39.609
2114.7,-38.829
2116.5,-38.155
2118.4,-37.467
2120.2,-36.874
2122,-36.349
2123.9,-35.957
2125.7,-35.714
2127.5,-35.596
2129.4,-35.644
2131.2,-35.771
2133,-36.046
2134.9,-36.38
2136.7,-36.858
2138.5,-37.423
2140.3,-38.114
2142.2,-38.888
2144,-39.657
2145.8,-40.327
2147.7,-40.714
2149.5,-40.749
2151.3,-40.48
2153.2,-39.964
2155,-39.403
2156.8,-38.793
2158.7,-38.258
2160.5,-37.781
2162.3,-37.407
2164.1,-37.148
2166,-36.967
2167.8,-36.889
2169.6,-36.814
2171.5,-36.784
2173.3,-36.697
2175.1,-36.622
2177,-36.487
2178.8,-36.366
2180.6,-36.205
2182.5,-36.076
2184.3,-35.95
2186.1,-35.899
2188,-35.896
2189.8,-35.996
2191.6,-36.138
2193.4,-36.35
2195.3,-36.56
2197.1,-36.824
2198.9,-37.121
2200.8,-37.548
2202.6,-38.106
2204.4,-38.837
2206.3,-39.719
2208.1,-40.703
2209.9,-41.801
2211.8,-42.955
2213.6,-44.319
2215.4,-45.797
2217.2,-47.538
2219.1,-49.079
2220.9,-50.07
2222.7,-49.625
2224.6,-47.997
2226.4,-45.832
2228.2,-43.722
2230.1,-41.848
2231.9,-40.348
2233.7,-39.134
2235.6,-38.27
2237.4,-37.607
2239.2,-37.19
2241,-36.88
2242.9,-36.706
2244.7,-36.591
2246.5,-36.557
2248.4,-36.605
2250.2,-36.726
2252,-36.959
2253.9,-37.223
2255.7,-37.557
2257.5,-37.825
2259.4,-38.098
2261.2,-38.279
2263,-38.504
2264.8,-38.707
2266.7,-38.986
2268.5,-39.236
2270.3,-39.488
2272.2,-39.695
2274,-39.945
2275.8,-40.338
2277.7,-40.96
2279.5,-41.929
2281.3,-43.167
2283.2,-44.626
2285,-45.844
2286.8,-46.624
2288.7,-46.875
2290.5,-47.166
2292.3,-47.696
2294.1,-48.747
2296,-50.134
2297.8,-51.737
2299.6,-53.075
2301.5,-54.05
2303.3,-54.888
2305.1,-55.965
